No.,正誤,分野名,大分類,中分類,出典,学習日
1,×,ストラテジ系,経営戦略,ビジネスインダストリ,"=HYPERLINK(""https://www.itpassportsiken.com/kakomon/05_haru/q34.html"",""令和5年春期 問34"")",2025/2/26
2,○,テクノロジ系,技術要素,セキュリティ,"=HYPERLINK(""https://www.itpassportsiken.com/kakomon/02_aki/q90.html"",""令和2年秋期 問90"")",2025/2/26
3,○,ストラテジ系,経営戦略,技術戦略マネジメント,"=HYPERLINK(""https://www.itpassportsiken.com/kakomon/02_aki/q35.html"",""令和2年秋期 問35"")",2025/2/26
4,○,マネジメント系,企業と法務,システム監査,"=HYPERLINK(""https://www.itpassportsiken.com/kakomon/02_aki/q41.html"",""令和2年秋期 問41"")",2025/2/26
5,×,テクノロジ系,技術要素,データベース,"=HYPERLINK(""https://www.itpassportsiken.com/kakomon/04_haru/q98.html"",""令和4年春期 問98"")",2025/2/26
6,○,テクノロジ系,技術要素,セキュリティ,"=HYPERLINK(""https://www.itpassportsiken.com/kakomon/02_aki/q97.html"",""令和2年秋期 問97"")",2025/2/26
7,×,ストラテジ系,経営戦略,経営戦略マネジメント,"=HYPERLINK(""https://www.itpassportsiken.com/kakomon/06_haru/q34.html"",""令和6年春期 問34"")",2025/2/26
8,×,テクノロジ系,基礎理論,アルゴリズムとプログラミング,"=HYPERLINK(""https://www.itpassportsiken.com/kakomon/05_haru/q69.html"",""令和5年春期 問69"")",2025/2/26
9,×,テクノロジ系,コンピュータシステム,システム構成要素,"=HYPERLINK(""https://www.itpassportsiken.com/kakomon/03_haru/q82.html"",""令和3年春期 問82"")",2025/2/26
10,○,ストラテジ系,経営戦略,ビジネスインダストリ,"=HYPERLINK(""https://www.itpassportsiken.com/kakomon/06_haru/q28.html"",""令和6年春期 問28"")",2025/2/26
11,×,マネジメント系,プロジェクトマネジメント,プロジェクトマネジメント,"=HYPERLINK(""https://www.itpassportsiken.com/kakomon/05_haru/q41.html"",""令和5年春期 問41"")",2025/2/26
12,○,テクノロジ系,基礎理論,基礎理論,"=HYPERLINK(""https://www.itpassportsiken.com/kakomon/04_haru/q67.html"",""令和4年春期 問67"")",2025/2/26
13,○,ストラテジ系,経営戦略,ビジネスインダストリ,"=HYPERLINK(""https://www.itpassportsiken.com/kakomon/04_haru/q12.html"",""令和4年春期 問12"")",2025/2/26
14,○,テクノロジ系,技術要素,セキュリティ,"=HYPERLINK(""https://www.itpassportsiken.com/kakomon/04_haru/q72.html"",""令和4年春期 問72"")",2025/2/26
15,○,テクノロジ系,技術要素,セキュリティ,"=HYPERLINK(""https://www.itpassportsiken.com/kakomon/02_aki/q68.html"",""令和2年秋期 問68"")",2025/2/26
16,○,ストラテジ系,経営戦略,ビジネスインダストリ,"=HYPERLINK(""https://www.itpassportsiken.com/kakomon/02_aki/q4.html"",""令和2年秋期 問4"")",2025/2/26
17,×,テクノロジ系,技術要素,セキュリティ,"=HYPERLINK(""https://www.itpassportsiken.com/kakomon/05_haru/q57.html"",""令和5年春期 問57"")",2025/2/26
18,×,テクノロジ系,技術要素,セキュリティ,"=HYPERLINK(""https://www.itpassportsiken.com/kakomon/02_aki/q78.html"",""令和2年秋期 問78"")",2025/2/26
19,○,テクノロジ系,技術要素,データベース,"=HYPERLINK(""https://www.itpassportsiken.com/kakomon/06_haru/q93.html"",""令和6年春期 問93"")",2025/2/26
20,○,マネジメント系,企業と法務,システム監査,"=HYPERLINK(""https://www.itpassportsiken.com/kakomon/05_haru/q53.html"",""令和5年春期 問53"")",2025/2/26
21,○,テクノロジ系,技術要素,セキュリティ,"=HYPERLINK(""https://www.itpassportsiken.com/kakomon/04_haru/q82.html"",""令和4年春期 問82"")",2025/2/26
22,○,ストラテジ系,企業と法務,企業活動,"=HYPERLINK(""https://www.itpassportsiken.com/kakomon/05_haru/q20.html"",""令和5年春期 問20"")",2025/2/26
23,○,マネジメント系,サービスマネジメント,サービスマネジメント,"=HYPERLINK(""https://www.itpassportsiken.com/kakomon/03_haru/q52.html"",""令和3年春期 問52"")",2025/2/26
24,○,テクノロジ系,コンピュータシステム,コンピュータ構成要素,"=HYPERLINK(""https://www.itpassportsiken.com/kakomon/05_haru/q98.html"",""令和5年春期 問98"")",2025/2/26
25,○,ストラテジ系,企業と法務,法務,"=HYPERLINK(""https://www.itpassportsiken.com/kakomon/04_haru/q20.html"",""令和4年春期 問20"")",2025/2/26
26,○,マネジメント系,サービスマネジメント,サービスマネジメント,"=HYPERLINK(""https://www.itpassportsiken.com/kakomon/04_haru/q49.html"",""令和4年春期 問49"")",2025/2/26
27,×,テクノロジ系,技術要素,セキュリティ,"=HYPERLINK(""https://www.itpassportsiken.com/kakomon/04_haru/q70.html"",""令和4年春期 問70"")",2025/2/26
28,○,マネジメント系,プロジェクトマネジメント,プロジェクトマネジメント,"=HYPERLINK(""https://www.itpassportsiken.com/kakomon/03_haru/q47.html"",""令和3年春期 問47"")",2025/2/26
29,○,ストラテジ系,経営戦略,技術戦略マネジメント,"=HYPERLINK(""https://www.itpassportsiken.com/kakomon/02_aki/q3.html"",""令和2年秋期 問3"")",2025/2/26
30,○,ストラテジ系,企業と法務,企業活動,"=HYPERLINK(""https://www.itpassportsiken.com/kakomon/05_haru/q35.html"",""令和5年春期 問35"")",2025/2/26
31,○,テクノロジ系,技術要素,セキュリティ,"=HYPERLINK(""https://www.itpassportsiken.com/kakomon/04_haru/q95.html"",""令和4年春期 問95"")",2025/2/26
32,○,テクノロジ系,技術要素,セキュリティ,"=HYPERLINK(""https://www.itpassportsiken.com/kakomon/04_haru/q60.html"",""令和4年春期 問60"")",2025/2/26
33,×,マネジメント系,開発技術,システム開発技術,"=HYPERLINK(""https://www.itpassportsiken.com/kakomon/06_haru/q50.html"",""令和6年春期 問50"")",2025/2/26
34,○,ストラテジ系,システム戦略,システム戦略,"=HYPERLINK(""https://www.itpassportsiken.com/kakomon/04_haru/q35.html"",""令和4年春期 問35"")",2025/2/26
35,○,ストラテジ系,システム戦略,システム戦略,"=HYPERLINK(""https://www.itpassportsiken.com/kakomon/02_aki/q31.html"",""令和2年秋期 問31"")",2025/2/26
36,○,マネジメント系,開発技術,システム開発技術,"=HYPERLINK(""https://www.itpassportsiken.com/kakomon/02_aki/q44.html"",""令和2年秋期 問44"")",2025/2/26
37,×,テクノロジ系,技術要素,セキュリティ,"=HYPERLINK(""https://www.itpassportsiken.com/kakomon/02_aki/q87.html"",""令和2年秋期 問87"")",2025/2/26
38,○,ストラテジ系,企業と法務,法務,"=HYPERLINK(""https://www.itpassportsiken.com/kakomon/03_haru/q12.html"",""令和3年春期 問12"")",2025/2/26
39,×,ストラテジ系,システム戦略,システム戦略,"=HYPERLINK(""https://www.itpassportsiken.com/kakomon/03_haru/q5.html"",""令和3年春期 問5"")",2025/2/26
40,○,ストラテジ系,経営戦略,ビジネスインダストリ,"=HYPERLINK(""https://www.itpassportsiken.com/kakomon/03_haru/q35.html"",""令和3年春期 問35"")",2025/2/26
41,○,テクノロジ系,技術要素,ネットワーク,"=HYPERLINK(""https://www.itpassportsiken.com/kakomon/05_haru/q71.html"",""令和5年春期 問71"")",2025/2/26
42,○,ストラテジ系,経営戦略,ビジネスインダストリ,"=HYPERLINK(""https://www.itpassportsiken.com/kakomon/03_haru/q6.html"",""令和3年春期 問6"")",2025/2/26
43,○,テクノロジ系,技術要素,セキュリティ,"=HYPERLINK(""https://www.itpassportsiken.com/kakomon/06_haru/q100.html"",""令和6年春期 問100"")",2025/2/26
44,○,ストラテジ系,企業と法務,企業活動,"=HYPERLINK(""https://www.itpassportsiken.com/kakomon/02_aki/q26.html"",""令和2年秋期 問26"")",2025/2/26
45,×,マネジメント系,プロジェクトマネジメント,プロジェクトマネジメント,"=HYPERLINK(""https://www.itpassportsiken.com/kakomon/02_aki/q50.html"",""令和2年秋期 問50"")",2025/2/26
46,○,テクノロジ系,技術要素,セキュリティ,"=HYPERLINK(""https://www.itpassportsiken.com/kakomon/05_haru/q61.html"",""令和5年春期 問61"")",2025/2/26
47,○,マネジメント系,サービスマネジメント,サービスマネジメント,"=HYPERLINK(""https://www.itpassportsiken.com/kakomon/05_haru/q51.html"",""令和5年春期 問51"")",2025/2/26
48,○,ストラテジ系,経営戦略,経営戦略マネジメント,"=HYPERLINK(""https://www.itpassportsiken.com/kakomon/03_haru/q18.html"",""令和3年春期 問18"")",2025/2/26
49,○,テクノロジ系,技術要素,ネットワーク,"=HYPERLINK(""https://www.itpassportsiken.com/kakomon/04_haru/q89.html"",""令和4年春期 問89"")",2025/2/26
50,○,マネジメント系,サービスマネジメント,サービスマネジメント,"=HYPERLINK(""https://www.itpassportsiken.com/kakomon/04_haru/q44.html"",""令和4年春期 問44"")",2025/2/26
51,○,テクノロジ系,技術要素,データベース,"=HYPERLINK(""https://www.itpassportsiken.com/kakomon/03_haru/q62.html"",""令和3年春期 問62"")",2025/2/26
52,○,テクノロジ系,技術要素,セキュリティ,"=HYPERLINK(""https://www.itpassportsiken.com/kakomon/02_aki/q100.html"",""令和2年秋期 問100"")",2025/2/26
53,○,テクノロジ系,技術要素,セキュリティ,"=HYPERLINK(""https://www.itpassportsiken.com/kakomon/02_aki/q85.html"",""令和2年秋期 問85"")",2025/2/26
54,○,ストラテジ系,経営戦略,ビジネスインダストリ,"=HYPERLINK(""https://www.itpassportsiken.com/kakomon/04_haru/q3.html"",""令和4年春期 問3"")",2025/2/26
55,○,テクノロジ系,技術要素,セキュリティ,"=HYPERLINK(""https://www.itpassportsiken.com/kakomon/03_haru/q63.html"",""令和3年春期 問63"")",2025/2/26
56,×,テクノロジ系,技術要素,セキュリティ,"=HYPERLINK(""https://www.itpassportsiken.com/kakomon/04_haru/q56.html"",""令和4年春期 問56"")",2025/2/26
57,○,テクノロジ系,技術要素,ネットワーク,"=HYPERLINK(""https://www.itpassportsiken.com/kakomon/05_haru/q83.html"",""令和5年春期 問83"")",2025/2/26
58,○,ストラテジ系,経営戦略,ビジネスインダストリ,"=HYPERLINK(""https://www.itpassportsiken.com/kakomon/02_aki/q22.html"",""令和2年秋期 問22"")",2025/2/26
59,○,マネジメント系,サービスマネジメント,サービスマネジメント,"=HYPERLINK(""https://www.itpassportsiken.com/kakomon/06_haru/q44.html"",""令和6年春期 問44"")",2025/2/26
60,×,マネジメント系,プロジェクトマネジメント,プロジェクトマネジメント,"=HYPERLINK(""https://www.itpassportsiken.com/kakomon/05_haru/q38.html"",""令和5年春期 問38"")",2025/2/26
61,×,テクノロジ系,技術要素,ネットワーク,"=HYPERLINK(""https://www.itpassportsiken.com/kakomon/02_aki/q88.html"",""令和2年秋期 問88"")",2025/2/26
62,×,テクノロジ系,技術要素,ネットワーク,"=HYPERLINK(""https://www.itpassportsiken.com/kakomon/03_haru/q80.html"",""令和3年春期 問80"")",2025/2/26
63,×,テクノロジ系,技術要素,セキュリティ,"=HYPERLINK(""https://www.itpassportsiken.com/kakomon/03_haru/q73.html"",""令和3年春期 問73"")",2025/2/26
64,○,テクノロジ系,技術要素,セキュリティ,"=HYPERLINK(""https://www.itpassportsiken.com/kakomon/03_haru/q97.html"",""令和3年春期 問97"")",2025/2/26
65,○,ストラテジ系,経営戦略,ビジネスインダストリ,"=HYPERLINK(""https://www.itpassportsiken.com/kakomon/05_haru/q22.html"",""令和5年春期 問22"")",2025/2/26
66,○,テクノロジ系,基礎理論,アルゴリズムとプログラミング,"=HYPERLINK(""https://www.itpassportsiken.com/kakomon/04_haru/q78.html"",""令和4年春期 問78"")",2025/2/26
67,×,テクノロジ系,コンピュータシステム,システム構成要素,"=HYPERLINK(""https://www.itpassportsiken.com/kakomon/05_haru/q63.html"",""令和5年春期 問63"")",2025/2/26
68,×,テクノロジ系,コンピュータシステム,システム構成要素,"=HYPERLINK(""https://www.itpassportsiken.com/kakomon/05_haru/q70.html"",""令和5年春期 問70"")",2025/2/26
69,○,テクノロジ系,技術要素,セキュリティ,"=HYPERLINK(""https://www.itpassportsiken.com/kakomon/02_aki/q60.html"",""令和2年秋期 問60"")",2025/2/26
70,○,テクノロジ系,技術要素,ネットワーク,"=HYPERLINK(""https://www.itpassportsiken.com/kakomon/06_haru/q61.html"",""令和6年春期 問61"")",2025/2/26
71,○,ストラテジ系,システム戦略,システム戦略,"=HYPERLINK(""https://www.itpassportsiken.com/kakomon/05_haru/q7.html"",""令和5年春期 問7"")",2025/2/26
72,○,テクノロジ系,技術要素,データベース,"=HYPERLINK(""https://www.itpassportsiken.com/kakomon/02_aki/q73.html"",""令和2年秋期 問73"")",2025/2/26
73,○,マネジメント系,サービスマネジメント,サービスマネジメント,"=HYPERLINK(""https://www.itpassportsiken.com/kakomon/05_haru/q47.html"",""令和5年春期 問47"")",2025/2/26
74,○,ストラテジ系,経営戦略,経営戦略マネジメント,"=HYPERLINK(""https://www.itpassportsiken.com/kakomon/03_haru/q8.html"",""令和3年春期 問8"")",2025/2/26
75,×,ストラテジ系,経営戦略,技術戦略マネジメント,"=HYPERLINK(""https://www.itpassportsiken.com/kakomon/06_haru/q3.html"",""令和6年春期 問3"")",2025/2/26
76,×,マネジメント系,企業と法務,システム監査,"=HYPERLINK(""https://www.itpassportsiken.com/kakomon/03_haru/q49.html"",""令和3年春期 問49"")",2025/2/26
77,×,テクノロジ系,技術要素,ネットワーク,"=HYPERLINK(""https://www.itpassportsiken.com/kakomon/05_haru/q97.html"",""令和5年春期 問97"")",2025/2/26
78,○,ストラテジ系,経営戦略,ビジネスインダストリ,"=HYPERLINK(""https://www.itpassportsiken.com/kakomon/06_haru/q12.html"",""令和6年春期 問12"")",2025/2/26
79,○,マネジメント系,企業と法務,システム監査,"=HYPERLINK(""https://www.itpassportsiken.com/kakomon/06_haru/q55.html"",""令和6年春期 問55"")",2025/2/26
80,○,テクノロジ系,技術要素,セキュリティ,"=HYPERLINK(""https://www.itpassportsiken.com/kakomon/05_haru/q99.html"",""令和5年春期 問99"")",2025/2/26
81,×,ストラテジ系,システム戦略,システム戦略,"=HYPERLINK(""https://www.itpassportsiken.com/kakomon/03_haru/q4.html"",""令和3年春期 問4"")",2025/2/26
82,×,テクノロジ系,技術要素,セキュリティ,"=HYPERLINK(""https://www.itpassportsiken.com/kakomon/03_haru/q56.html"",""令和3年春期 問56"")",2025/2/26
83,○,ストラテジ系,企業と法務,企業活動,"=HYPERLINK(""https://www.itpassportsiken.com/kakomon/03_haru/q29.html"",""令和3年春期 問29"")",2025/2/26
84,○,テクノロジ系,技術要素,セキュリティ,"=HYPERLINK(""https://www.itpassportsiken.com/kakomon/06_haru/q94.html"",""令和6年春期 問94"")",2025/2/26
85,○,ストラテジ系,経営戦略,ビジネスインダストリ,"=HYPERLINK(""https://www.itpassportsiken.com/kakomon/02_aki/q5.html"",""令和2年秋期 問5"")",2025/2/26
86,×,ストラテジ系,経営戦略,技術戦略マネジメント,"=HYPERLINK(""https://www.itpassportsiken.com/kakomon/06_haru/q5.html"",""令和6年春期 問5"")",2025/2/26
87,×,マネジメント系,サービスマネジメント,サービスマネジメント,"=HYPERLINK(""https://www.itpassportsiken.com/kakomon/05_haru/q44.html"",""令和5年春期 問44"")",2025/2/26
88,○,ストラテジ系,企業と法務,法務,"=HYPERLINK(""https://www.itpassportsiken.com/kakomon/03_haru/q9.html"",""令和3年春期 問9"")",2025/2/26
89,○,テクノロジ系,コンピュータシステム,ソフトウェア,"=HYPERLINK(""https://www.itpassportsiken.com/kakomon/03_haru/q83.html"",""令和3年春期 問83"")",2025/2/26
90,○,テクノロジ系,技術要素,ネットワーク,"=HYPERLINK(""https://www.itpassportsiken.com/kakomon/06_haru/q71.html"",""令和6年春期 問71"")",2025/2/26
91,×,テクノロジ系,技術要素,セキュリティ,"=HYPERLINK(""https://www.itpassportsiken.com/kakomon/04_haru/q55.html"",""令和4年春期 問55"")",2025/2/26
92,○,ストラテジ系,経営戦略,経営戦略マネジメント,"=HYPERLINK(""https://www.itpassportsiken.com/kakomon/02_aki/q18.html"",""令和2年秋期 問18"")",2025/2/26
93,×,マネジメント系,企業と法務,システム監査,"=HYPERLINK(""https://www.itpassportsiken.com/kakomon/03_haru/q55.html"",""令和3年春期 問55"")",2025/2/26
94,○,マネジメント系,開発技術,ソフトウェア開発管理技術,"=HYPERLINK(""https://www.itpassportsiken.com/kakomon/05_haru/q40.html"",""令和5年春期 問40"")",2025/2/26
95,○,ストラテジ系,経営戦略,ビジネスインダストリ,"=HYPERLINK(""https://www.itpassportsiken.com/kakomon/04_haru/q16.html"",""令和4年春期 問16"")",2025/2/26
96,×,テクノロジ系,コンピュータシステム,ソフトウェア,"=HYPERLINK(""https://www.itpassportsiken.com/kakomon/04_haru/q71.html"",""令和4年春期 問71"")",2025/2/26
97,○,ストラテジ系,企業と法務,法務,"=HYPERLINK(""https://www.itpassportsiken.com/kakomon/05_haru/q9.html"",""令和5年春期 問9"")",2025/2/26
98,○,テクノロジ系,技術要素,ネットワーク,"=HYPERLINK(""https://www.itpassportsiken.com/kakomon/04_haru/q73.html"",""令和4年春期 問73"")",2025/2/26
99,○,マネジメント系,サービスマネジメント,サービスマネジメント,"=HYPERLINK(""https://www.itpassportsiken.com/kakomon/04_haru/q54.html"",""令和4年春期 問54"")",2025/2/26
100,○,ストラテジ系,経営戦略,ビジネスインダストリ,"=HYPERLINK(""https://www.itpassportsiken.com/kakomon/02_aki/q24.html"",""令和2年秋期 問24"")",2025/2/26
101,○,テクノロジ系,コンピュータシステム,ソフトウェア,"=HYPERLINK(""https://www.itpassportsiken.com/kakomon/03_haru/q78.html"",""令和3年春期 問78"")",2025/2/26
102,○,ストラテジ系,システム戦略,システム戦略,"=HYPERLINK(""https://www.itpassportsiken.com/kakomon/03_haru/q24.html"",""令和3年春期 問24"")",2025/2/26
103,○,マネジメント系,開発技術,システム開発技術,"=HYPERLINK(""https://www.itpassportsiken.com/kakomon/04_haru/q47.html"",""令和4年春期 問47"")",2025/2/26
104,○,テクノロジ系,技術要素,データベース,"=HYPERLINK(""https://www.itpassportsiken.com/kakomon/03_haru/q70.html"",""令和3年春期 問70"")",2025/2/26
105,×,テクノロジ系,技術要素,セキュリティ,"=HYPERLINK(""https://www.itpassportsiken.com/kakomon/06_haru/q64.html"",""令和6年春期 問64"")",2025/2/26
106,○,ストラテジ系,システム戦略,システム企画,"=HYPERLINK(""https://www.itpassportsiken.com/kakomon/03_haru/q33.html"",""令和3年春期 問33"")",2025/2/26
107,○,マネジメント系,プロジェクトマネジメント,プロジェクトマネジメント,"=HYPERLINK(""https://www.itpassportsiken.com/kakomon/04_haru/q52.html"",""令和4年春期 問52"")",2025/2/26
108,○,マネジメント系,サービスマネジメント,サービスマネジメント,"=HYPERLINK(""https://www.itpassportsiken.com/kakomon/02_aki/q49.html"",""令和2年秋期 問49"")",2025/2/26
109,○,マネジメント系,企業と法務,システム監査,"=HYPERLINK(""https://www.itpassportsiken.com/kakomon/06_haru/q48.html"",""令和6年春期 問48"")",2025/2/26
110,○,マネジメント系,サービスマネジメント,サービスマネジメント,"=HYPERLINK(""https://www.itpassportsiken.com/kakomon/05_haru/q48.html"",""令和5年春期 問48"")",2025/2/26
111,×,ストラテジ系,企業と法務,法務,"=HYPERLINK(""https://www.itpassportsiken.com/kakomon/03_haru/q30.html"",""令和3年春期 問30"")",2025/2/26
112,○,マネジメント系,プロジェクトマネジメント,プロジェクトマネジメント,"=HYPERLINK(""https://www.itpassportsiken.com/kakomon/03_haru/q50.html"",""令和3年春期 問50"")",2025/2/26
113,○,テクノロジ系,技術要素,データベース,"=HYPERLINK(""https://www.itpassportsiken.com/kakomon/04_haru/q77.html"",""令和4年春期 問77"")",2025/2/26
114,○,テクノロジ系,技術要素,セキュリティ,"=HYPERLINK(""https://www.itpassportsiken.com/kakomon/06_haru/q72.html"",""令和6年春期 問72"")",2025/2/26
115,×,テクノロジ系,技術要素,ネットワーク,"=HYPERLINK(""https://www.itpassportsiken.com/kakomon/02_aki/q67.html"",""令和2年秋期 問67"")",2025/2/26
116,×,テクノロジ系,技術要素,セキュリティ,"=HYPERLINK(""https://www.itpassportsiken.com/kakomon/03_haru/q65.html"",""令和3年春期 問65"")",2025/2/26
117,○,テクノロジ系,コンピュータシステム,コンピュータ構成要素,"=HYPERLINK(""https://www.itpassportsiken.com/kakomon/02_aki/q79.html"",""令和2年秋期 問79"")",2025/2/26
118,○,ストラテジ系,経営戦略,ビジネスインダストリ,"=HYPERLINK(""https://www.itpassportsiken.com/kakomon/02_aki/q32.html"",""令和2年秋期 問32"")",2025/2/26
119,○,テクノロジ系,コンピュータシステム,ソフトウェア,"=HYPERLINK(""https://www.itpassportsiken.com/kakomon/06_haru/q80.html"",""令和6年春期 問80"")",2025/2/26
120,○,テクノロジ系,技術要素,データベース,"=HYPERLINK(""https://www.itpassportsiken.com/kakomon/02_aki/q72.html"",""令和2年秋期 問72"")",2025/2/26
121,○,ストラテジ系,経営戦略,ビジネスインダストリ,"=HYPERLINK(""https://www.itpassportsiken.com/kakomon/03_haru/q20.html"",""令和3年春期 問20"")",2025/2/26
122,○,テクノロジ系,技術要素,セキュリティ,"=HYPERLINK(""https://www.itpassportsiken.com/kakomon/02_aki/q94.html"",""令和2年秋期 問94"")",2025/2/26
123,○,テクノロジ系,技術要素,セキュリティ,"=HYPERLINK(""https://www.itpassportsiken.com/kakomon/02_aki/q58.html"",""令和2年秋期 問58"")",2025/2/26
124,×,テクノロジ系,技術要素,セキュリティ,"=HYPERLINK(""https://www.itpassportsiken.com/kakomon/06_haru/q66.html"",""令和6年春期 問66"")",2025/2/26
125,○,マネジメント系,開発技術,ソフトウェア開発管理技術,"=HYPERLINK(""https://www.itpassportsiken.com/kakomon/06_haru/q40.html"",""令和6年春期 問40"")",2025/2/26
126,×,ストラテジ系,経営戦略,ビジネスインダストリ,"=HYPERLINK(""https://www.itpassportsiken.com/kakomon/02_aki/q27.html"",""令和2年秋期 問27"")",2025/2/26
127,○,ストラテジ系,経営戦略,経営戦略マネジメント,"=HYPERLINK(""https://www.itpassportsiken.com/kakomon/05_haru/q3.html"",""令和5年春期 問3"")",2025/2/26
128,×,ストラテジ系,企業と法務,企業活動,"=HYPERLINK(""https://www.itpassportsiken.com/kakomon/05_haru/q28.html"",""令和5年春期 問28"")",2025/2/26
129,○,テクノロジ系,コンピュータシステム,ハードウェア,"=HYPERLINK(""https://www.itpassportsiken.com/kakomon/03_haru/q57.html"",""令和3年春期 問57"")",2025/2/26
130,○,テクノロジ系,基礎理論,アルゴリズムとプログラミング,"=HYPERLINK(""https://www.itpassportsiken.com/kakomon/06_haru/q62.html"",""令和6年春期 問62"")",2025/2/26
131,×,ストラテジ系,システム戦略,システム戦略,"=HYPERLINK(""https://www.itpassportsiken.com/kakomon/03_haru/q27.html"",""令和3年春期 問27"")",2025/2/26
132,×,テクノロジ系,技術要素,ネットワーク,"=HYPERLINK(""https://www.itpassportsiken.com/kakomon/04_haru/q62.html"",""令和4年春期 問62"")",2025/2/26
133,○,テクノロジ系,基礎理論,基礎理論,"=HYPERLINK(""https://www.itpassportsiken.com/kakomon/05_haru/q74.html"",""令和5年春期 問74"")",2025/2/26
134,×,ストラテジ系,企業と法務,法務,"=HYPERLINK(""https://www.itpassportsiken.com/kakomon/02_aki/q20.html"",""令和2年秋期 問20"")",2025/2/26
135,○,テクノロジ系,技術要素,ネットワーク,"=HYPERLINK(""https://www.itpassportsiken.com/kakomon/04_haru/q97.html"",""令和4年春期 問97"")",2025/2/26
136,×,ストラテジ系,システム戦略,システム企画,"=HYPERLINK(""https://www.itpassportsiken.com/kakomon/03_haru/q22.html"",""令和3年春期 問22"")",2025/2/26
137,○,ストラテジ系,システム戦略,システム戦略,"=HYPERLINK(""https://www.itpassportsiken.com/kakomon/02_aki/q23.html"",""令和2年秋期 問23"")",2025/2/26
138,×,ストラテジ系,経営戦略,経営戦略マネジメント,"=HYPERLINK(""https://www.itpassportsiken.com/kakomon/03_haru/q16.html"",""令和3年春期 問16"")",2025/2/26
139,×,マネジメント系,プロジェクトマネジメント,プロジェクトマネジメント,"=HYPERLINK(""https://www.itpassportsiken.com/kakomon/02_aki/q55.html"",""令和2年秋期 問55"")",2025/2/26
140,○,テクノロジ系,技術要素,セキュリティ,"=HYPERLINK(""https://www.itpassportsiken.com/kakomon/03_haru/q85.html"",""令和3年春期 問85"")",2025/2/26
141,○,マネジメント系,サービスマネジメント,サービスマネジメント,"=HYPERLINK(""https://www.itpassportsiken.com/kakomon/02_aki/q43.html"",""令和2年秋期 問43"")",2025/2/26
142,○,テクノロジ系,コンピュータシステム,システム構成要素,"=HYPERLINK(""https://www.itpassportsiken.com/kakomon/02_aki/q61.html"",""令和2年秋期 問61"")",2025/2/26
143,○,テクノロジ系,コンピュータシステム,コンピュータ構成要素,"=HYPERLINK(""https://www.itpassportsiken.com/kakomon/06_haru/q56.html"",""令和6年春期 問56"")",2025/2/26
144,○,ストラテジ系,経営戦略,ビジネスインダストリ,"=HYPERLINK(""https://www.itpassportsiken.com/kakomon/06_haru/q4.html"",""令和6年春期 問4"")",2025/2/26
145,×,ストラテジ系,企業と法務,企業活動,"=HYPERLINK(""https://www.itpassportsiken.com/kakomon/05_haru/q11.html"",""令和5年春期 問11"")",2025/2/26
146,×,ストラテジ系,経営戦略,経営戦略マネジメント,"=HYPERLINK(""https://www.itpassportsiken.com/kakomon/02_aki/q21.html"",""令和2年秋期 問21"")",2025/2/26
147,×,ストラテジ系,企業と法務,法務,"=HYPERLINK(""https://www.itpassportsiken.com/kakomon/04_haru/q6.html"",""令和4年春期 問6"")",2025/2/26
148,×,テクノロジ系,技術要素,ネットワーク,"=HYPERLINK(""https://www.itpassportsiken.com/kakomon/03_haru/q92.html"",""令和3年春期 問92"")",2025/2/26
149,×,ストラテジ系,企業と法務,法務,"=HYPERLINK(""https://www.itpassportsiken.com/kakomon/05_haru/q15.html"",""令和5年春期 問15"")",2025/2/26
150,○,テクノロジ系,技術要素,ネットワーク,"=HYPERLINK(""https://www.itpassportsiken.com/kakomon/02_aki/q81.html"",""令和2年秋期 問81"")",2025/2/26
151,×,テクノロジ系,技術要素,セキュリティ,"=HYPERLINK(""https://www.itpassportsiken.com/kakomon/03_haru/q81.html"",""令和3年春期 問81"")",2025/2/26
152,○,マネジメント系,開発技術,システム開発技術,"=HYPERLINK(""https://www.itpassportsiken.com/kakomon/05_haru/q43.html"",""令和5年春期 問43"")",2025/2/26
153,×,ストラテジ系,企業と法務,企業活動,"=HYPERLINK(""https://www.itpassportsiken.com/kakomon/04_haru/q28.html"",""令和4年春期 問28"")",2025/2/26
154,○,ストラテジ系,経営戦略,技術戦略マネジメント,"=HYPERLINK(""https://www.itpassportsiken.com/kakomon/06_haru/q17.html"",""令和6年春期 問17"")",2025/2/26
155,○,マネジメント系,開発技術,ソフトウェア開発管理技術,"=HYPERLINK(""https://www.itpassportsiken.com/kakomon/05_haru/q49.html"",""令和5年春期 問49"")",2025/2/26
156,×,ストラテジ系,経営戦略,経営戦略マネジメント,"=HYPERLINK(""https://www.itpassportsiken.com/kakomon/06_haru/q9.html"",""令和6年春期 問9"")",2025/2/26
157,○,マネジメント系,開発技術,システム開発技術,"=HYPERLINK(""https://www.itpassportsiken.com/kakomon/05_haru/q42.html"",""令和5年春期 問42"")",2025/2/26
158,○,ストラテジ系,企業と法務,企業活動,"=HYPERLINK(""https://www.itpassportsiken.com/kakomon/04_haru/q30.html"",""令和4年春期 問30"")",2025/2/26
159,○,テクノロジ系,技術要素,セキュリティ,"=HYPERLINK(""https://www.itpassportsiken.com/kakomon/03_haru/q77.html"",""令和3年春期 問77"")",2025/2/26
160,○,テクノロジ系,コンピュータシステム,ソフトウェア,"=HYPERLINK(""https://www.itpassportsiken.com/kakomon/04_haru/q90.html"",""令和4年春期 問90"")",2025/2/26
161,×,テクノロジ系,コンピュータシステム,コンピュータ構成要素,"=HYPERLINK(""https://www.itpassportsiken.com/kakomon/02_aki/q99.html"",""令和2年秋期 問99"")",2025/2/26
162,○,テクノロジ系,技術要素,セキュリティ,"=HYPERLINK(""https://www.itpassportsiken.com/kakomon/02_aki/q69.html"",""令和2年秋期 問69"")",2025/2/26
163,○,マネジメント系,企業と法務,システム監査,"=HYPERLINK(""https://www.itpassportsiken.com/kakomon/04_haru/q53.html"",""令和4年春期 問53"")",2025/2/26
164,○,ストラテジ系,企業と法務,企業活動,"=HYPERLINK(""https://www.itpassportsiken.com/kakomon/02_aki/q33.html"",""令和2年秋期 問33"")",2025/2/26
165,○,テクノロジ系,技術要素,セキュリティ,"=HYPERLINK(""https://www.itpassportsiken.com/kakomon/05_haru/q79.html"",""令和5年春期 問79"")",2025/2/26
166,×,テクノロジ系,基礎理論,基礎理論,"=HYPERLINK(""https://www.itpassportsiken.com/kakomon/04_haru/q57.html"",""令和4年春期 問57"")",2025/2/26
167,○,テクノロジ系,基礎理論,アルゴリズムとプログラミング,"=HYPERLINK(""https://www.itpassportsiken.com/kakomon/03_haru/q74.html"",""令和3年春期 問74"")",2025/2/26
168,○,テクノロジ系,技術要素,セキュリティ,"=HYPERLINK(""https://www.itpassportsiken.com/kakomon/05_haru/q90.html"",""令和5年春期 問90"")",2025/2/26
169,○,テクノロジ系,コンピュータシステム,ソフトウェア,"=HYPERLINK(""https://www.itpassportsiken.com/kakomon/02_aki/q59.html"",""令和2年秋期 問59"")",2025/2/26
170,○,ストラテジ系,企業と法務,企業活動,"=HYPERLINK(""https://www.itpassportsiken.com/kakomon/04_haru/q31.html"",""令和4年春期 問31"")",2025/2/26
171,×,ストラテジ系,企業と法務,法務,"=HYPERLINK(""https://www.itpassportsiken.com/kakomon/03_haru/q2.html"",""令和3年春期 問2"")",2025/2/26
172,○,テクノロジ系,コンピュータシステム,ソフトウェア,"=HYPERLINK(""https://www.itpassportsiken.com/kakomon/04_haru/q63.html"",""令和4年春期 問63"")",2025/2/26
173,○,テクノロジ系,技術要素,ネットワーク,"=HYPERLINK(""https://www.itpassportsiken.com/kakomon/03_haru/q59.html"",""令和3年春期 問59"")",2025/2/26
174,○,マネジメント系,サービスマネジメント,サービスマネジメント,"=HYPERLINK(""https://www.itpassportsiken.com/kakomon/06_haru/q46.html"",""令和6年春期 問46"")",2025/2/26
175,○,テクノロジ系,技術要素,セキュリティ,"=HYPERLINK(""https://www.itpassportsiken.com/kakomon/06_haru/q77.html"",""令和6年春期 問77"")",2025/2/26
176,×,マネジメント系,プロジェクトマネジメント,プロジェクトマネジメント,"=HYPERLINK(""https://www.itpassportsiken.com/kakomon/04_haru/q48.html"",""令和4年春期 問48"")",2025/2/26
177,○,ストラテジ系,企業と法務,企業活動,"=HYPERLINK(""https://www.itpassportsiken.com/kakomon/03_haru/q21.html"",""令和3年春期 問21"")",2025/2/26
178,○,テクノロジ系,基礎理論,アルゴリズムとプログラミング,"=HYPERLINK(""https://www.itpassportsiken.com/kakomon/04_haru/q88.html"",""令和4年春期 問88"")",2025/2/26
179,○,テクノロジ系,技術要素,セキュリティ,"=HYPERLINK(""https://www.itpassportsiken.com/kakomon/02_aki/q84.html"",""令和2年秋期 問84"")",2025/2/26
180,×,テクノロジ系,技術要素,セキュリティ,"=HYPERLINK(""https://www.itpassportsiken.com/kakomon/03_haru/q68.html"",""令和3年春期 問68"")",2025/2/26
181,×,ストラテジ系,企業と法務,法務,"=HYPERLINK(""https://www.itpassportsiken.com/kakomon/04_haru/q1.html"",""令和4年春期 問1"")",2025/2/26
182,○,ストラテジ系,企業と法務,法務,"=HYPERLINK(""https://www.itpassportsiken.com/kakomon/02_aki/q25.html"",""令和2年秋期 問25"")",2025/2/26
183,○,ストラテジ系,経営戦略,技術戦略マネジメント,"=HYPERLINK(""https://www.itpassportsiken.com/kakomon/04_haru/q10.html"",""令和4年春期 問10"")",2025/2/26
184,○,マネジメント系,プロジェクトマネジメント,プロジェクトマネジメント,"=HYPERLINK(""https://www.itpassportsiken.com/kakomon/06_haru/q49.html"",""令和6年春期 問49"")",2025/2/26
185,○,マネジメント系,プロジェクトマネジメント,プロジェクトマネジメント,"=HYPERLINK(""https://www.itpassportsiken.com/kakomon/02_aki/q54.html"",""令和2年秋期 問54"")",2025/2/26
186,×,テクノロジ系,コンピュータシステム,コンピュータ構成要素,"=HYPERLINK(""https://www.itpassportsiken.com/kakomon/05_haru/q88.html"",""令和5年春期 問88"")",2025/2/26
187,○,マネジメント系,サービスマネジメント,サービスマネジメント,"=HYPERLINK(""https://www.itpassportsiken.com/kakomon/03_haru/q45.html"",""令和3年春期 問45"")",2025/2/26
188,○,ストラテジ系,企業と法務,企業活動,"=HYPERLINK(""https://www.itpassportsiken.com/kakomon/05_haru/q6.html"",""令和5年春期 問6"")",2025/2/26
189,×,ストラテジ系,経営戦略,経営戦略マネジメント,"=HYPERLINK(""https://www.itpassportsiken.com/kakomon/06_haru/q1.html"",""令和6年春期 問1"")",2025/2/26
190,○,テクノロジ系,技術要素,セキュリティ,"=HYPERLINK(""https://www.itpassportsiken.com/kakomon/05_haru/q73.html"",""令和5年春期 問73"")",2025/2/26
191,×,ストラテジ系,企業と法務,法務,"=HYPERLINK(""https://www.itpassportsiken.com/kakomon/04_haru/q13.html"",""令和4年春期 問13"")",2025/2/26
192,×,テクノロジ系,技術要素,セキュリティ,"=HYPERLINK(""https://www.itpassportsiken.com/kakomon/03_haru/q60.html"",""令和3年春期 問60"")",2025/2/26
193,×,ストラテジ系,経営戦略,技術戦略マネジメント,"=HYPERLINK(""https://www.itpassportsiken.com/kakomon/05_haru/q1.html"",""令和5年春期 問1"")",2025/2/26
194,○,テクノロジ系,技術要素,データベース,"=HYPERLINK(""https://www.itpassportsiken.com/kakomon/05_haru/q66.html"",""令和5年春期 問66"")",2025/2/26
195,○,テクノロジ系,技術要素,セキュリティ,"=HYPERLINK(""https://www.itpassportsiken.com/kakomon/04_haru/q76.html"",""令和4年春期 問76"")",2025/2/26
196,×,ストラテジ系,経営戦略,経営戦略マネジメント,"=HYPERLINK(""https://www.itpassportsiken.com/kakomon/04_haru/q22.html"",""令和4年春期 問22"")",2025/2/26
197,○,マネジメント系,開発技術,システム開発技術,"=HYPERLINK(""https://www.itpassportsiken.com/kakomon/02_aki/q36.html"",""令和2年秋期 問36"")",2025/2/26
198,×,マネジメント系,サービスマネジメント,サービスマネジメント,"=HYPERLINK(""https://www.itpassportsiken.com/kakomon/05_haru/q36.html"",""令和5年春期 問36"")",2025/2/26
199,○,ストラテジ系,企業と法務,企業活動,"=HYPERLINK(""https://www.itpassportsiken.com/kakomon/06_haru/q26.html"",""令和6年春期 問26"")",2025/2/26
200,×,マネジメント系,開発技術,ソフトウェア開発管理技術,"=HYPERLINK(""https://www.itpassportsiken.com/kakomon/04_haru/q38.html"",""令和4年春期 問38"")",2025/2/26
201,×,ストラテジ系,経営戦略,ビジネスインダストリ,"=HYPERLINK(""https://www.itpassportsiken.com/kakomon/04_haru/q24.html"",""令和4年春期 問24"")",2025/2/26
202,×,テクノロジ系,コンピュータシステム,システム構成要素,"=HYPERLINK(""https://www.itpassportsiken.com/kakomon/04_haru/q99.html"",""令和4年春期 問99"")",2025/2/26
203,○,マネジメント系,開発技術,ソフトウェア開発管理技術,"=HYPERLINK(""https://www.itpassportsiken.com/kakomon/02_aki/q46.html"",""令和2年秋期 問46"")",2025/2/26
204,○,テクノロジ系,技術要素,ネットワーク,"=HYPERLINK(""https://www.itpassportsiken.com/kakomon/06_haru/q96.html"",""令和6年春期 問96"")",2025/2/26
205,×,テクノロジ系,基礎理論,基礎理論,"=HYPERLINK(""https://www.itpassportsiken.com/kakomon/05_haru/q76.html"",""令和5年春期 問76"")",2025/2/26
206,○,テクノロジ系,技術要素,情報メディア,"=HYPERLINK(""https://www.itpassportsiken.com/kakomon/02_aki/q80.html"",""令和2年秋期 問80"")",2025/2/26
207,○,テクノロジ系,技術要素,セキュリティ,"=HYPERLINK(""https://www.itpassportsiken.com/kakomon/04_haru/q74.html"",""令和4年春期 問74"")",2025/2/26
208,○,テクノロジ系,技術要素,ネットワーク,"=HYPERLINK(""https://www.itpassportsiken.com/kakomon/06_haru/q92.html"",""令和6年春期 問92"")",2025/2/26
209,○,ストラテジ系,システム戦略,システム戦略,"=HYPERLINK(""https://www.itpassportsiken.com/kakomon/06_haru/q7.html"",""令和6年春期 問7"")",2025/2/26
210,×,ストラテジ系,システム戦略,システム戦略,"=HYPERLINK(""https://www.itpassportsiken.com/kakomon/03_haru/q11.html"",""令和3年春期 問11"")",2025/2/26
211,○,ストラテジ系,経営戦略,ビジネスインダストリ,"=HYPERLINK(""https://www.itpassportsiken.com/kakomon/05_haru/q30.html"",""令和5年春期 問30"")",2025/2/26
212,○,マネジメント系,サービスマネジメント,サービスマネジメント,"=HYPERLINK(""https://www.itpassportsiken.com/kakomon/06_haru/q38.html"",""令和6年春期 問38"")",2025/2/26
213,○,ストラテジ系,企業と法務,法務,"=HYPERLINK(""https://www.itpassportsiken.com/kakomon/02_aki/q12.html"",""令和2年秋期 問12"")",2025/2/26
214,×,ストラテジ系,システム戦略,システム戦略,"=HYPERLINK(""https://www.itpassportsiken.com/kakomon/03_haru/q1.html"",""令和3年春期 問1"")",2025/2/26
215,○,ストラテジ系,企業と法務,企業活動,"=HYPERLINK(""https://www.itpassportsiken.com/kakomon/05_haru/q24.html"",""令和5年春期 問24"")",2025/2/26
216,×,マネジメント系,プロジェクトマネジメント,プロジェクトマネジメント,"=HYPERLINK(""https://www.itpassportsiken.com/kakomon/03_haru/q43.html"",""令和3年春期 問43"")",2025/2/26
217,○,テクノロジ系,技術要素,セキュリティ,"=HYPERLINK(""https://www.itpassportsiken.com/kakomon/05_haru/q62.html"",""令和5年春期 問62"")",2025/2/26
218,○,テクノロジ系,コンピュータシステム,ソフトウェア,"=HYPERLINK(""https://www.itpassportsiken.com/kakomon/05_haru/q82.html"",""令和5年春期 問82"")",2025/2/26
219,×,ストラテジ系,システム戦略,システム戦略,"=HYPERLINK(""https://www.itpassportsiken.com/kakomon/02_aki/q29.html"",""令和2年秋期 問29"")",2025/2/26
220,×,ストラテジ系,企業と法務,企業活動,"=HYPERLINK(""https://www.itpassportsiken.com/kakomon/06_haru/q8.html"",""令和6年春期 問8"")",2025/2/26
221,○,テクノロジ系,技術要素,ネットワーク,"=HYPERLINK(""https://www.itpassportsiken.com/kakomon/05_haru/q92.html"",""令和5年春期 問92"")",2025/2/26
222,○,ストラテジ系,システム戦略,システム戦略,"=HYPERLINK(""https://www.itpassportsiken.com/kakomon/05_haru/q17.html"",""令和5年春期 問17"")",2025/2/26
223,○,テクノロジ系,コンピュータシステム,コンピュータ構成要素,"=HYPERLINK(""https://www.itpassportsiken.com/kakomon/04_haru/q81.html"",""令和4年春期 問81"")",2025/2/26
224,○,テクノロジ系,技術要素,ネットワーク,"=HYPERLINK(""https://www.itpassportsiken.com/kakomon/04_haru/q92.html"",""令和4年春期 問92"")",2025/2/26
225,○,ストラテジ系,企業と法務,法務,"=HYPERLINK(""https://www.itpassportsiken.com/kakomon/05_haru/q2.html"",""令和5年春期 問2"")",2025/2/26
226,○,ストラテジ系,経営戦略,ビジネスインダストリ,"=HYPERLINK(""https://www.itpassportsiken.com/kakomon/02_aki/q19.html"",""令和2年秋期 問19"")",2025/2/26
227,○,テクノロジ系,技術要素,セキュリティ,"=HYPERLINK(""https://www.itpassportsiken.com/kakomon/02_aki/q66.html"",""令和2年秋期 問66"")",2025/2/26
228,○,テクノロジ系,技術要素,セキュリティ,"=HYPERLINK(""https://www.itpassportsiken.com/kakomon/05_haru/q56.html"",""令和5年春期 問56"")",2025/2/26
229,○,テクノロジ系,コンピュータシステム,コンピュータ構成要素,"=HYPERLINK(""https://www.itpassportsiken.com/kakomon/02_aki/q65.html"",""令和2年秋期 問65"")",2025/2/26
230,×,テクノロジ系,技術要素,セキュリティ,"=HYPERLINK(""https://www.itpassportsiken.com/kakomon/03_haru/q91.html"",""令和3年春期 問91"")",2025/2/26
231,○,ストラテジ系,経営戦略,ビジネスインダストリ,"=HYPERLINK(""https://www.itpassportsiken.com/kakomon/04_haru/q21.html"",""令和4年春期 問21"")",2025/2/26
232,○,テクノロジ系,技術要素,セキュリティ,"=HYPERLINK(""https://www.itpassportsiken.com/kakomon/06_haru/q70.html"",""令和6年春期 問70"")",2025/2/26
233,○,テクノロジ系,コンピュータシステム,ハードウェア,"=HYPERLINK(""https://www.itpassportsiken.com/kakomon/04_haru/q94.html"",""令和4年春期 問94"")",2025/2/26
234,○,マネジメント系,サービスマネジメント,サービスマネジメント,"=HYPERLINK(""https://www.itpassportsiken.com/kakomon/06_haru/q45.html"",""令和6年春期 問45"")",2025/2/26
235,×,テクノロジ系,基礎理論,基礎理論,"=HYPERLINK(""https://www.itpassportsiken.com/kakomon/05_haru/q77.html"",""令和5年春期 問77"")",2025/2/26
236,×,ストラテジ系,システム戦略,システム企画,"=HYPERLINK(""https://www.itpassportsiken.com/kakomon/02_aki/q1.html"",""令和2年秋期 問1"")",2025/2/26
237,○,マネジメント系,サービスマネジメント,サービスマネジメント,"=HYPERLINK(""https://www.itpassportsiken.com/kakomon/03_haru/q44.html"",""令和3年春期 問44"")",2025/2/26
238,×,テクノロジ系,技術要素,セキュリティ,"=HYPERLINK(""https://www.itpassportsiken.com/kakomon/06_haru/q90.html"",""令和6年春期 問90"")",2025/2/26
239,○,マネジメント系,企業と法務,システム監査,"=HYPERLINK(""https://www.itpassportsiken.com/kakomon/02_aki/q52.html"",""令和2年秋期 問52"")",2025/2/26
240,○,テクノロジ系,基礎理論,アルゴリズムとプログラミング,"=HYPERLINK(""https://www.itpassportsiken.com/kakomon/05_haru/q60.html"",""令和5年春期 問60"")",2025/2/26
241,○,テクノロジ系,コンピュータシステム,コンピュータ構成要素,"=HYPERLINK(""https://www.itpassportsiken.com/kakomon/03_haru/q72.html"",""令和3年春期 問72"")",2025/2/26
242,×,ストラテジ系,経営戦略,経営戦略マネジメント,"=HYPERLINK(""https://www.itpassportsiken.com/kakomon/04_haru/q2.html"",""令和4年春期 問2"")",2025/2/26
243,×,テクノロジ系,技術要素,情報メディア,"=HYPERLINK(""https://www.itpassportsiken.com/kakomon/04_haru/q61.html"",""令和4年春期 問61"")",2025/2/26
244,○,ストラテジ系,経営戦略,ビジネスインダストリ,"=HYPERLINK(""https://www.itpassportsiken.com/kakomon/05_haru/q12.html"",""令和5年春期 問12"")",2025/2/26
245,○,テクノロジ系,技術要素,セキュリティ,"=HYPERLINK(""https://www.itpassportsiken.com/kakomon/05_haru/q95.html"",""令和5年春期 問95"")",2025/2/26
246,○,テクノロジ系,技術要素,ネットワーク,"=HYPERLINK(""https://www.itpassportsiken.com/kakomon/04_haru/q68.html"",""令和4年春期 問68"")",2025/2/26
247,○,マネジメント系,サービスマネジメント,サービスマネジメント,"=HYPERLINK(""https://www.itpassportsiken.com/kakomon/02_aki/q38.html"",""令和2年秋期 問38"")",2025/2/26
248,×,テクノロジ系,技術要素,セキュリティ,"=HYPERLINK(""https://www.itpassportsiken.com/kakomon/04_haru/q86.html"",""令和4年春期 問86"")",2025/2/26
249,○,ストラテジ系,経営戦略,技術戦略マネジメント,"=HYPERLINK(""https://www.itpassportsiken.com/kakomon/03_haru/q10.html"",""令和3年春期 問10"")",2025/2/26
250,×,ストラテジ系,システム戦略,システム戦略,"=HYPERLINK(""https://www.itpassportsiken.com/kakomon/05_haru/q5.html"",""令和5年春期 問5"")",2025/2/26
251,○,テクノロジ系,技術要素,データベース,"=HYPERLINK(""https://www.itpassportsiken.com/kakomon/05_haru/q78.html"",""令和5年春期 問78"")",2025/2/26
252,×,ストラテジ系,システム戦略,システム戦略,"=HYPERLINK(""https://www.itpassportsiken.com/kakomon/02_aki/q28.html"",""令和2年秋期 問28"")",2025/2/26
253,○,テクノロジ系,技術要素,データベース,"=HYPERLINK(""https://www.itpassportsiken.com/kakomon/02_aki/q64.html"",""令和2年秋期 問64"")",2025/2/26
254,○,ストラテジ系,経営戦略,ビジネスインダストリ,"=HYPERLINK(""https://www.itpassportsiken.com/kakomon/03_haru/q25.html"",""令和3年春期 問25"")",2025/2/26
255,○,ストラテジ系,システム戦略,システム戦略,"=HYPERLINK(""https://www.itpassportsiken.com/kakomon/04_haru/q25.html"",""令和4年春期 問25"")",2025/2/26
256,○,テクノロジ系,技術要素,セキュリティ,"=HYPERLINK(""https://www.itpassportsiken.com/kakomon/03_haru/q61.html"",""令和3年春期 問61"")",2025/2/26
257,○,ストラテジ系,企業と法務,法務,"=HYPERLINK(""https://www.itpassportsiken.com/kakomon/02_aki/q16.html"",""令和2年秋期 問16"")",2025/2/26
258,○,テクノロジ系,技術要素,データベース,"=HYPERLINK(""https://www.itpassportsiken.com/kakomon/03_haru/q75.html"",""令和3年春期 問75"")",2025/2/26
259,○,テクノロジ系,コンピュータシステム,ソフトウェア,"=HYPERLINK(""https://www.itpassportsiken.com/kakomon/02_aki/q96.html"",""令和2年秋期 問96"")",2025/2/26
260,○,ストラテジ系,システム戦略,システム戦略,"=HYPERLINK(""https://www.itpassportsiken.com/kakomon/04_haru/q15.html"",""令和4年春期 問15"")",2025/2/26
261,○,マネジメント系,サービスマネジメント,サービスマネジメント,"=HYPERLINK(""https://www.itpassportsiken.com/kakomon/05_haru/q46.html"",""令和5年春期 問46"")",2025/2/26
262,○,テクノロジ系,コンピュータシステム,コンピュータ構成要素,"=HYPERLINK(""https://www.itpassportsiken.com/kakomon/04_haru/q84.html"",""令和4年春期 問84"")",2025/2/26
263,○,テクノロジ系,コンピュータシステム,ソフトウェア,"=HYPERLINK(""https://www.itpassportsiken.com/kakomon/05_haru/q75.html"",""令和5年春期 問75"")",2025/2/26
264,○,テクノロジ系,技術要素,ネットワーク,"=HYPERLINK(""https://www.itpassportsiken.com/kakomon/02_aki/q77.html"",""令和2年秋期 問77"")",2025/2/26
265,○,テクノロジ系,技術要素,セキュリティ,"=HYPERLINK(""https://www.itpassportsiken.com/kakomon/05_haru/q89.html"",""令和5年春期 問89"")",2025/2/26
266,×,テクノロジ系,技術要素,セキュリティ,"=HYPERLINK(""https://www.itpassportsiken.com/kakomon/05_haru/q86.html"",""令和5年春期 問86"")",2025/2/26
267,○,ストラテジ系,企業と法務,法務,"=HYPERLINK(""https://www.itpassportsiken.com/kakomon/05_haru/q10.html"",""令和5年春期 問10"")",2025/2/26
268,○,ストラテジ系,経営戦略,ビジネスインダストリ,"=HYPERLINK(""https://www.itpassportsiken.com/kakomon/04_haru/q32.html"",""令和4年春期 問32"")",2025/2/26
269,○,テクノロジ系,技術要素,セキュリティ,"=HYPERLINK(""https://www.itpassportsiken.com/kakomon/06_haru/q73.html"",""令和6年春期 問73"")",2025/2/26
270,○,マネジメント系,開発技術,システム開発技術,"=HYPERLINK(""https://www.itpassportsiken.com/kakomon/03_haru/q41.html"",""令和3年春期 問41"")",2025/2/26
271,○,テクノロジ系,技術要素,ネットワーク,"=HYPERLINK(""https://www.itpassportsiken.com/kakomon/03_haru/q86.html"",""令和3年春期 問86"")",2025/2/26
272,○,ストラテジ系,企業と法務,企業活動,"=HYPERLINK(""https://www.itpassportsiken.com/kakomon/04_haru/q11.html"",""令和4年春期 問11"")",2025/2/26
273,×,テクノロジ系,技術要素,セキュリティ,"=HYPERLINK(""https://www.itpassportsiken.com/kakomon/03_haru/q67.html"",""令和3年春期 問67"")",2025/2/26
274,×,ストラテジ系,企業と法務,法務,"=HYPERLINK(""https://www.itpassportsiken.com/kakomon/06_haru/q18.html"",""令和6年春期 問18"")",2025/2/26
275,×,ストラテジ系,企業と法務,企業活動,"=HYPERLINK(""https://www.itpassportsiken.com/kakomon/05_haru/q14.html"",""令和5年春期 問14"")",2025/2/26
276,×,ストラテジ系,経営戦略,経営戦略マネジメント,"=HYPERLINK(""https://www.itpassportsiken.com/kakomon/04_haru/q19.html"",""令和4年春期 問19"")",2025/2/26
277,×,ストラテジ系,経営戦略,経営戦略マネジメント,"=HYPERLINK(""https://www.itpassportsiken.com/kakomon/03_haru/q34.html"",""令和3年春期 問34"")",2025/2/26
278,○,マネジメント系,企業と法務,システム監査,"=HYPERLINK(""https://www.itpassportsiken.com/kakomon/06_haru/q54.html"",""令和6年春期 問54"")",2025/2/26
279,○,マネジメント系,サービスマネジメント,サービスマネジメント,"=HYPERLINK(""https://www.itpassportsiken.com/kakomon/02_aki/q39.html"",""令和2年秋期 問39"")",2025/2/26
280,×,マネジメント系,企業と法務,システム監査,"=HYPERLINK(""https://www.itpassportsiken.com/kakomon/06_haru/q42.html"",""令和6年春期 問42"")",2025/2/26
281,○,テクノロジ系,技術要素,セキュリティ,"=HYPERLINK(""https://www.itpassportsiken.com/kakomon/02_aki/q86.html"",""令和2年秋期 問86"")",2025/2/26
282,×,マネジメント系,プロジェクトマネジメント,プロジェクトマネジメント,"=HYPERLINK(""https://www.itpassportsiken.com/kakomon/02_aki/q40.html"",""令和2年秋期 問40"")",2025/2/26
283,○,マネジメント系,サービスマネジメント,サービスマネジメント,"=HYPERLINK(""https://www.itpassportsiken.com/kakomon/04_haru/q46.html"",""令和4年春期 問46"")",2025/2/26
284,○,ストラテジ系,システム戦略,システム企画,"=HYPERLINK(""https://www.itpassportsiken.com/kakomon/05_haru/q32.html"",""令和5年春期 問32"")",2025/2/26
285,×,マネジメント系,プロジェクトマネジメント,プロジェクトマネジメント,"=HYPERLINK(""https://www.itpassportsiken.com/kakomon/04_haru/q50.html"",""令和4年春期 問50"")",2025/2/26
286,○,テクノロジ系,技術要素,セキュリティ,"=HYPERLINK(""https://www.itpassportsiken.com/kakomon/05_haru/q94.html"",""令和5年春期 問94"")",2025/2/26
287,×,ストラテジ系,企業と法務,企業活動,"=HYPERLINK(""https://www.itpassportsiken.com/kakomon/03_haru/q28.html"",""令和3年春期 問28"")",2025/2/26
288,○,マネジメント系,企業と法務,システム監査,"=HYPERLINK(""https://www.itpassportsiken.com/kakomon/02_aki/q48.html"",""令和2年秋期 問48"")",2025/2/26
289,○,テクノロジ系,技術要素,データベース,"=HYPERLINK(""https://www.itpassportsiken.com/kakomon/02_aki/q57.html"",""令和2年秋期 問57"")",2025/2/26
290,○,ストラテジ系,経営戦略,ビジネスインダストリ,"=HYPERLINK(""https://www.itpassportsiken.com/kakomon/02_aki/q8.html"",""令和2年秋期 問8"")",2025/2/26
291,○,ストラテジ系,経営戦略,ビジネスインダストリ,"=HYPERLINK(""https://www.itpassportsiken.com/kakomon/03_haru/q19.html"",""令和3年春期 問19"")",2025/2/26
292,×,ストラテジ系,経営戦略,経営戦略マネジメント,"=HYPERLINK(""https://www.itpassportsiken.com/kakomon/05_haru/q8.html"",""令和5年春期 問8"")",2025/2/26
293,○,テクノロジ系,基礎理論,アルゴリズムとプログラミング,"=HYPERLINK(""https://www.itpassportsiken.com/kakomon/05_haru/q64.html"",""令和5年春期 問64"")",2025/2/26
294,○,テクノロジ系,基礎理論,基礎理論,"=HYPERLINK(""https://www.itpassportsiken.com/kakomon/06_haru/q83.html"",""令和6年春期 問83"")",2025/2/26
295,×,テクノロジ系,技術要素,セキュリティ,"=HYPERLINK(""https://www.itpassportsiken.com/kakomon/05_haru/q65.html"",""令和5年春期 問65"")",2025/2/26
296,○,ストラテジ系,企業と法務,企業活動,"=HYPERLINK(""https://www.itpassportsiken.com/kakomon/03_haru/q26.html"",""令和3年春期 問26"")",2025/2/26
297,×,テクノロジ系,基礎理論,基礎理論,"=HYPERLINK(""https://www.itpassportsiken.com/kakomon/06_haru/q65.html"",""令和6年春期 問65"")",2025/2/26
298,×,マネジメント系,企業と法務,システム監査,"=HYPERLINK(""https://www.itpassportsiken.com/kakomon/04_haru/q37.html"",""令和4年春期 問37"")",2025/2/26
299,×,ストラテジ系,企業と法務,法務,"=HYPERLINK(""https://www.itpassportsiken.com/kakomon/05_haru/q29.html"",""令和5年春期 問29"")",2025/2/26
300,○,マネジメント系,企業と法務,システム監査,"=HYPERLINK(""https://www.itpassportsiken.com/kakomon/02_aki/q45.html"",""令和2年秋期 問45"")",2025/2/26
301,○,ストラテジ系,システム戦略,システム戦略,"=HYPERLINK(""https://www.itpassportsiken.com/kakomon/04_haru/q17.html"",""令和4年春期 問17"")",2025/2/26
302,○,テクノロジ系,技術要素,セキュリティ,"=HYPERLINK(""https://www.itpassportsiken.com/kakomon/02_aki/q56.html"",""令和2年秋期 問56"")",2025/2/26
303,○,テクノロジ系,コンピュータシステム,ハードウェア,"=HYPERLINK(""https://www.itpassportsiken.com/kakomon/06_haru/q59.html"",""令和6年春期 問59"")",2025/2/26
304,×,ストラテジ系,企業と法務,企業活動,"=HYPERLINK(""https://www.itpassportsiken.com/kakomon/02_aki/q30.html"",""令和2年秋期 問30"")",2025/2/26
305,○,ストラテジ系,企業と法務,法務,"=HYPERLINK(""https://www.itpassportsiken.com/kakomon/06_haru/q10.html"",""令和6年春期 問10"")",2025/2/26
306,○,マネジメント系,開発技術,ソフトウェア開発管理技術,"=HYPERLINK(""https://www.itpassportsiken.com/kakomon/02_aki/q51.html"",""令和2年秋期 問51"")",2025/2/26
307,○,テクノロジ系,基礎理論,アルゴリズムとプログラミング,"=HYPERLINK(""https://www.itpassportsiken.com/kakomon/06_haru/q85.html"",""令和6年春期 問85"")",2025/2/26
308,○,テクノロジ系,技術要素,データベース,"=HYPERLINK(""https://www.itpassportsiken.com/kakomon/05_haru/q100.html"",""令和5年春期 問100"")",2025/2/26
309,×,ストラテジ系,企業と法務,法務,"=HYPERLINK(""https://www.itpassportsiken.com/kakomon/06_haru/q2.html"",""令和6年春期 問2"")",2025/2/26
310,○,テクノロジ系,基礎理論,アルゴリズムとプログラミング,"=HYPERLINK(""https://www.itpassportsiken.com/kakomon/04_haru/q79.html"",""令和4年春期 問79"")",2025/2/26
311,○,テクノロジ系,技術要素,データベース,"=HYPERLINK(""https://www.itpassportsiken.com/kakomon/06_haru/q81.html"",""令和6年春期 問81"")",2025/2/26
312,○,テクノロジ系,技術要素,セキュリティ,"=HYPERLINK(""https://www.itpassportsiken.com/kakomon/06_haru/q98.html"",""令和6年春期 問98"")",2025/2/26
313,○,ストラテジ系,経営戦略,ビジネスインダストリ,"=HYPERLINK(""https://www.itpassportsiken.com/kakomon/03_haru/q3.html"",""令和3年春期 問3"")",2025/2/26
314,○,テクノロジ系,技術要素,セキュリティ,"=HYPERLINK(""https://www.itpassportsiken.com/kakomon/03_haru/q99.html"",""令和3年春期 問99"")",2025/2/26
315,×,マネジメント系,プロジェクトマネジメント,プロジェクトマネジメント,"=HYPERLINK(""https://www.itpassportsiken.com/kakomon/05_haru/q54.html"",""令和5年春期 問54"")",2025/2/26
316,○,テクノロジ系,技術要素,セキュリティ,"=HYPERLINK(""https://www.itpassportsiken.com/kakomon/04_haru/q91.html"",""令和4年春期 問91"")",2025/2/26
317,○,ストラテジ系,企業と法務,法務,"=HYPERLINK(""https://www.itpassportsiken.com/kakomon/04_haru/q27.html"",""令和4年春期 問27"")",2025/2/26
318,○,ストラテジ系,企業と法務,企業活動,"=HYPERLINK(""https://www.itpassportsiken.com/kakomon/02_aki/q34.html"",""令和2年秋期 問34"")",2025/2/26
319,○,ストラテジ系,企業と法務,法務,"=HYPERLINK(""https://www.itpassportsiken.com/kakomon/06_haru/q21.html"",""令和6年春期 問21"")",2025/2/26
320,○,テクノロジ系,基礎理論,基礎理論,"=HYPERLINK(""https://www.itpassportsiken.com/kakomon/05_haru/q91.html"",""令和5年春期 問91"")",2025/2/26
321,○,ストラテジ系,経営戦略,経営戦略マネジメント,"=HYPERLINK(""https://www.itpassportsiken.com/kakomon/02_aki/q6.html"",""令和2年秋期 問6"")",2025/2/26
322,×,マネジメント系,開発技術,システム開発技術,"=HYPERLINK(""https://www.itpassportsiken.com/kakomon/03_haru/q40.html"",""令和3年春期 問40"")",2025/2/26
323,○,テクノロジ系,技術要素,セキュリティ,"=HYPERLINK(""https://www.itpassportsiken.com/kakomon/05_haru/q84.html"",""令和5年春期 問84"")",2025/2/26
324,○,ストラテジ系,企業と法務,企業活動,"=HYPERLINK(""https://www.itpassportsiken.com/kakomon/06_haru/q30.html"",""令和6年春期 問30"")",2025/2/26
325,×,ストラテジ系,経営戦略,ビジネスインダストリ,"=HYPERLINK(""https://www.itpassportsiken.com/kakomon/06_haru/q13.html"",""令和6年春期 問13"")",2025/2/26
326,○,テクノロジ系,技術要素,セキュリティ,"=HYPERLINK(""https://www.itpassportsiken.com/kakomon/02_aki/q93.html"",""令和2年秋期 問93"")",2025/2/26
327,×,ストラテジ系,システム戦略,システム企画,"=HYPERLINK(""https://www.itpassportsiken.com/kakomon/06_haru/q33.html"",""令和6年春期 問33"")",2025/2/26
328,×,テクノロジ系,コンピュータシステム,コンピュータ構成要素,"=HYPERLINK(""https://www.itpassportsiken.com/kakomon/06_haru/q99.html"",""令和6年春期 問99"")",2025/2/26
329,○,ストラテジ系,企業と法務,法務,"=HYPERLINK(""https://www.itpassportsiken.com/kakomon/02_aki/q2.html"",""令和2年秋期 問2"")",2025/2/26
330,×,テクノロジ系,技術要素,セキュリティ,"=HYPERLINK(""https://www.itpassportsiken.com/kakomon/02_aki/q76.html"",""令和2年秋期 問76"")",2025/2/26
331,×,マネジメント系,プロジェクトマネジメント,プロジェクトマネジメント,"=HYPERLINK(""https://www.itpassportsiken.com/kakomon/06_haru/q37.html"",""令和6年春期 問37"")",2025/2/26
332,○,ストラテジ系,企業と法務,企業活動,"=HYPERLINK(""https://www.itpassportsiken.com/kakomon/04_haru/q34.html"",""令和4年春期 問34"")",2025/2/26
333,×,ストラテジ系,企業と法務,企業活動,"=HYPERLINK(""https://www.itpassportsiken.com/kakomon/05_haru/q13.html"",""令和5年春期 問13"")",2025/2/26
334,×,テクノロジ系,技術要素,セキュリティ,"=HYPERLINK(""https://www.itpassportsiken.com/kakomon/03_haru/q96.html"",""令和3年春期 問96"")",2025/2/26
335,×,マネジメント系,開発技術,システム開発技術,"=HYPERLINK(""https://www.itpassportsiken.com/kakomon/03_haru/q46.html"",""令和3年春期 問46"")",2025/2/26
336,○,ストラテジ系,システム戦略,システム戦略,"=HYPERLINK(""https://www.itpassportsiken.com/kakomon/04_haru/q33.html"",""令和4年春期 問33"")",2025/2/26
337,○,マネジメント系,企業と法務,システム監査,"=HYPERLINK(""https://www.itpassportsiken.com/kakomon/05_haru/q50.html"",""令和5年春期 問50"")",2025/2/26
338,○,テクノロジ系,技術要素,ネットワーク,"=HYPERLINK(""https://www.itpassportsiken.com/kakomon/06_haru/q84.html"",""令和6年春期 問84"")",2025/2/26
339,○,テクノロジ系,技術要素,セキュリティ,"=HYPERLINK(""https://www.itpassportsiken.com/kakomon/05_haru/q67.html"",""令和5年春期 問67"")",2025/2/26
340,○,テクノロジ系,コンピュータシステム,システム構成要素,"=HYPERLINK(""https://www.itpassportsiken.com/kakomon/06_haru/q69.html"",""令和6年春期 問69"")",2025/2/26
341,○,ストラテジ系,企業と法務,法務,"=HYPERLINK(""https://www.itpassportsiken.com/kakomon/05_haru/q18.html"",""令和5年春期 問18"")",2025/2/26
342,○,マネジメント系,プロジェクトマネジメント,プロジェクトマネジメント,"=HYPERLINK(""https://www.itpassportsiken.com/kakomon/04_haru/q36.html"",""令和4年春期 問36"")",2025/2/26
343,○,テクノロジ系,技術要素,データベース,"=HYPERLINK(""https://www.itpassportsiken.com/kakomon/04_haru/q65.html"",""令和4年春期 問65"")",2025/2/26
344,○,ストラテジ系,企業と法務,法務,"=HYPERLINK(""https://www.itpassportsiken.com/kakomon/05_haru/q25.html"",""令和5年春期 問25"")",2025/2/26
345,×,ストラテジ系,企業と法務,法務,"=HYPERLINK(""https://www.itpassportsiken.com/kakomon/04_haru/q14.html"",""令和4年春期 問14"")",2025/2/26
346,○,テクノロジ系,技術要素,セキュリティ,"=HYPERLINK(""https://www.itpassportsiken.com/kakomon/05_haru/q85.html"",""令和5年春期 問85"")",2025/2/26
347,○,マネジメント系,開発技術,ソフトウェア開発管理技術,"=HYPERLINK(""https://www.itpassportsiken.com/kakomon/04_haru/q42.html"",""令和4年春期 問42"")",2025/2/26
348,○,テクノロジ系,コンピュータシステム,システム構成要素,"=HYPERLINK(""https://www.itpassportsiken.com/kakomon/02_aki/q63.html"",""令和2年秋期 問63"")",2025/2/26
349,○,マネジメント系,開発技術,ソフトウェア開発管理技術,"=HYPERLINK(""https://www.itpassportsiken.com/kakomon/02_aki/q37.html"",""令和2年秋期 問37"")",2025/2/26
350,○,ストラテジ系,システム戦略,システム戦略,"=HYPERLINK(""https://www.itpassportsiken.com/kakomon/02_aki/q11.html"",""令和2年秋期 問11"")",2025/2/26
351,○,マネジメント系,開発技術,ソフトウェア開発管理技術,"=HYPERLINK(""https://www.itpassportsiken.com/kakomon/03_haru/q48.html"",""令和3年春期 問48"")",2025/2/26
352,×,ストラテジ系,企業と法務,法務,"=HYPERLINK(""https://www.itpassportsiken.com/kakomon/03_haru/q32.html"",""令和3年春期 問32"")",2025/2/26
353,○,テクノロジ系,技術要素,ネットワーク,"=HYPERLINK(""https://www.itpassportsiken.com/kakomon/03_haru/q98.html"",""令和3年春期 問98"")",2025/2/26
354,×,テクノロジ系,コンピュータシステム,ソフトウェア,"=HYPERLINK(""https://www.itpassportsiken.com/kakomon/02_aki/q71.html"",""令和2年秋期 問71"")",2025/2/26
355,×,テクノロジ系,技術要素,情報デザイン,"=HYPERLINK(""https://www.itpassportsiken.com/kakomon/06_haru/q68.html"",""令和6年春期 問68"")",2025/2/26
356,×,テクノロジ系,基礎理論,基礎理論,"=HYPERLINK(""https://www.itpassportsiken.com/kakomon/03_haru/q66.html"",""令和3年春期 問66"")",2025/2/26
357,×,テクノロジ系,コンピュータシステム,ハードウェア,"=HYPERLINK(""https://www.itpassportsiken.com/kakomon/04_haru/q66.html"",""令和4年春期 問66"")",2025/2/26
358,○,テクノロジ系,技術要素,ネットワーク,"=HYPERLINK(""https://www.itpassportsiken.com/kakomon/02_aki/q75.html"",""令和2年秋期 問75"")",2025/2/26
359,×,テクノロジ系,技術要素,セキュリティ,"=HYPERLINK(""https://www.itpassportsiken.com/kakomon/06_haru/q57.html"",""令和6年春期 問57"")",2025/2/26
360,○,テクノロジ系,技術要素,セキュリティ,"=HYPERLINK(""https://www.itpassportsiken.com/kakomon/04_haru/q58.html"",""令和4年春期 問58"")",2025/2/26
361,○,テクノロジ系,技術要素,ネットワーク,"=HYPERLINK(""https://www.itpassportsiken.com/kakomon/04_haru/q87.html"",""令和4年春期 問87"")",2025/2/26
362,×,ストラテジ系,システム戦略,システム戦略,"=HYPERLINK(""https://www.itpassportsiken.com/kakomon/04_haru/q7.html"",""令和4年春期 問7"")",2025/2/26
363,×,ストラテジ系,経営戦略,経営戦略マネジメント,"=HYPERLINK(""https://www.itpassportsiken.com/kakomon/03_haru/q23.html"",""令和3年春期 問23"")",2025/2/26
364,○,テクノロジ系,技術要素,セキュリティ,"=HYPERLINK(""https://www.itpassportsiken.com/kakomon/05_haru/q72.html"",""令和5年春期 問72"")",2025/2/26
365,○,ストラテジ系,企業と法務,企業活動,"=HYPERLINK(""https://www.itpassportsiken.com/kakomon/05_haru/q27.html"",""令和5年春期 問27"")",2025/2/26
366,○,テクノロジ系,コンピュータシステム,ソフトウェア,"=HYPERLINK(""https://www.itpassportsiken.com/kakomon/06_haru/q97.html"",""令和6年春期 問97"")",2025/2/26
367,○,ストラテジ系,経営戦略,ビジネスインダストリ,"=HYPERLINK(""https://www.itpassportsiken.com/kakomon/06_haru/q15.html"",""令和6年春期 問15"")",2025/2/26
368,○,マネジメント系,開発技術,ソフトウェア開発管理技術,"=HYPERLINK(""https://www.itpassportsiken.com/kakomon/03_haru/q51.html"",""令和3年春期 問51"")",2025/2/26
369,○,マネジメント系,プロジェクトマネジメント,プロジェクトマネジメント,"=HYPERLINK(""https://www.itpassportsiken.com/kakomon/05_haru/q55.html"",""令和5年春期 問55"")",2025/2/26
370,○,テクノロジ系,技術要素,ネットワーク,"=HYPERLINK(""https://www.itpassportsiken.com/kakomon/02_aki/q70.html"",""令和2年秋期 問70"")",2025/2/26
371,○,マネジメント系,プロジェクトマネジメント,プロジェクトマネジメント,"=HYPERLINK(""https://www.itpassportsiken.com/kakomon/03_haru/q36.html"",""令和3年春期 問36"")",2025/2/26
372,○,テクノロジ系,技術要素,セキュリティ,"=HYPERLINK(""https://www.itpassportsiken.com/kakomon/06_haru/q87.html"",""令和6年春期 問87"")",2025/2/26
373,×,ストラテジ系,経営戦略,技術戦略マネジメント,"=HYPERLINK(""https://www.itpassportsiken.com/kakomon/05_haru/q31.html"",""令和5年春期 問31"")",2025/2/26
374,○,マネジメント系,サービスマネジメント,サービスマネジメント,"=HYPERLINK(""https://www.itpassportsiken.com/kakomon/03_haru/q53.html"",""令和3年春期 問53"")",2025/2/26
375,○,テクノロジ系,基礎理論,基礎理論,"=HYPERLINK(""https://www.itpassportsiken.com/kakomon/04_haru/q93.html"",""令和4年春期 問93"")",2025/2/26
376,○,テクノロジ系,技術要素,セキュリティ,"=HYPERLINK(""https://www.itpassportsiken.com/kakomon/06_haru/q89.html"",""令和6年春期 問89"")",2025/2/26
377,○,テクノロジ系,技術要素,ネットワーク,"=HYPERLINK(""https://www.itpassportsiken.com/kakomon/03_haru/q84.html"",""令和3年春期 問84"")",2025/2/26
378,○,ストラテジ系,経営戦略,ビジネスインダストリ,"=HYPERLINK(""https://www.itpassportsiken.com/kakomon/06_haru/q19.html"",""令和6年春期 問19"")",2025/2/26
379,○,ストラテジ系,企業と法務,企業活動,"=HYPERLINK(""https://www.itpassportsiken.com/kakomon/06_haru/q24.html"",""令和6年春期 問24"")",2025/2/26
380,×,テクノロジ系,技術要素,データベース,"=HYPERLINK(""https://www.itpassportsiken.com/kakomon/06_haru/q60.html"",""令和6年春期 問60"")",2025/2/26
381,○,テクノロジ系,技術要素,セキュリティ,"=HYPERLINK(""https://www.itpassportsiken.com/kakomon/04_haru/q100.html"",""令和4年春期 問100"")",2025/2/26
382,○,ストラテジ系,システム戦略,システム企画,"=HYPERLINK(""https://www.itpassportsiken.com/kakomon/04_haru/q8.html"",""令和4年春期 問8"")",2025/2/26
383,○,テクノロジ系,コンピュータシステム,コンピュータ構成要素,"=HYPERLINK(""https://www.itpassportsiken.com/kakomon/03_haru/q90.html"",""令和3年春期 問90"")",2025/2/26
384,○,テクノロジ系,技術要素,セキュリティ,"=HYPERLINK(""https://www.itpassportsiken.com/kakomon/05_haru/q81.html"",""令和5年春期 問81"")",2025/2/26
385,×,テクノロジ系,技術要素,データベース,"=HYPERLINK(""https://www.itpassportsiken.com/kakomon/05_haru/q59.html"",""令和5年春期 問59"")",2025/2/26
386,○,マネジメント系,プロジェクトマネジメント,プロジェクトマネジメント,"=HYPERLINK(""https://www.itpassportsiken.com/kakomon/05_haru/q45.html"",""令和5年春期 問45"")",2025/2/26
387,○,テクノロジ系,基礎理論,基礎理論,"=HYPERLINK(""https://www.itpassportsiken.com/kakomon/05_haru/q96.html"",""令和5年春期 問96"")",2025/2/26
388,○,テクノロジ系,技術要素,ネットワーク,"=HYPERLINK(""https://www.itpassportsiken.com/kakomon/03_haru/q93.html"",""令和3年春期 問93"")",2025/2/26
389,○,マネジメント系,プロジェクトマネジメント,プロジェクトマネジメント,"=HYPERLINK(""https://www.itpassportsiken.com/kakomon/06_haru/q51.html"",""令和6年春期 問51"")",2025/2/26
390,○,テクノロジ系,技術要素,ネットワーク,"=HYPERLINK(""https://www.itpassportsiken.com/kakomon/02_aki/q98.html"",""令和2年秋期 問98"")",2025/2/26
391,○,ストラテジ系,経営戦略,ビジネスインダストリ,"=HYPERLINK(""https://www.itpassportsiken.com/kakomon/05_haru/q21.html"",""令和5年春期 問21"")",2025/2/26
392,○,マネジメント系,開発技術,ソフトウェア開発管理技術,"=HYPERLINK(""https://www.itpassportsiken.com/kakomon/06_haru/q47.html"",""令和6年春期 問47"")",2025/2/26
393,○,ストラテジ系,企業と法務,企業活動,"=HYPERLINK(""https://www.itpassportsiken.com/kakomon/04_haru/q4.html"",""令和4年春期 問4"")",2025/2/26
394,○,ストラテジ系,企業と法務,企業活動,"=HYPERLINK(""https://www.itpassportsiken.com/kakomon/06_haru/q20.html"",""令和6年春期 問20"")",2025/2/26
395,○,テクノロジ系,基礎理論,アルゴリズムとプログラミング,"=HYPERLINK(""https://www.itpassportsiken.com/kakomon/04_haru/q96.html"",""令和4年春期 問96"")",2025/2/26
396,○,テクノロジ系,技術要素,データベース,"=HYPERLINK(""https://www.itpassportsiken.com/kakomon/06_haru/q74.html"",""令和6年春期 問74"")",2025/2/26
397,○,ストラテジ系,企業と法務,法務,"=HYPERLINK(""https://www.itpassportsiken.com/kakomon/06_haru/q27.html"",""令和6年春期 問27"")",2025/2/26
398,○,テクノロジ系,基礎理論,アルゴリズムとプログラミング,"=HYPERLINK(""https://www.itpassportsiken.com/kakomon/06_haru/q88.html"",""令和6年春期 問88"")",2025/2/26
399,○,テクノロジ系,技術要素,セキュリティ,"=HYPERLINK(""https://www.itpassportsiken.com/kakomon/05_haru/q58.html"",""令和5年春期 問58"")",2025/2/26
400,○,ストラテジ系,経営戦略,ビジネスインダストリ,"=HYPERLINK(""https://www.itpassportsiken.com/kakomon/02_aki/q14.html"",""令和2年秋期 問14"")",2025/2/26
401,○,テクノロジ系,コンピュータシステム,ハードウェア,"=HYPERLINK(""https://www.itpassportsiken.com/kakomon/06_haru/q76.html"",""令和6年春期 問76"")",2025/2/26
402,○,テクノロジ系,技術要素,セキュリティ,"=HYPERLINK(""https://www.itpassportsiken.com/kakomon/04_haru/q64.html"",""令和4年春期 問64"")",2025/2/26
403,○,ストラテジ系,企業と法務,法務,"=HYPERLINK(""https://www.itpassportsiken.com/kakomon/02_aki/q9.html"",""令和2年秋期 問9"")",2025/2/26
404,○,ストラテジ系,システム戦略,システム企画,"=HYPERLINK(""https://www.itpassportsiken.com/kakomon/06_haru/q31.html"",""令和6年春期 問31"")",2025/2/26
405,○,ストラテジ系,システム戦略,システム戦略,"=HYPERLINK(""https://www.itpassportsiken.com/kakomon/03_haru/q15.html"",""令和3年春期 問15"")",2025/2/26
406,○,テクノロジ系,技術要素,セキュリティ,"=HYPERLINK(""https://www.itpassportsiken.com/kakomon/02_aki/q82.html"",""令和2年秋期 問82"")",2025/2/26
407,×,マネジメント系,プロジェクトマネジメント,プロジェクトマネジメント,"=HYPERLINK(""https://www.itpassportsiken.com/kakomon/06_haru/q36.html"",""令和6年春期 問36"")",2025/2/26
408,○,マネジメント系,企業と法務,システム監査,"=HYPERLINK(""https://www.itpassportsiken.com/kakomon/04_haru/q40.html"",""令和4年春期 問40"")",2025/2/26
409,○,マネジメント系,開発技術,ソフトウェア開発管理技術,"=HYPERLINK(""https://www.itpassportsiken.com/kakomon/05_haru/q39.html"",""令和5年春期 問39"")",2025/2/26
410,×,テクノロジ系,技術要素,ネットワーク,"=HYPERLINK(""https://www.itpassportsiken.com/kakomon/03_haru/q71.html"",""令和3年春期 問71"")",2025/2/26
411,×,ストラテジ系,企業と法務,企業活動,"=HYPERLINK(""https://www.itpassportsiken.com/kakomon/05_haru/q4.html"",""令和5年春期 問4"")",2025/2/26
412,○,ストラテジ系,システム戦略,システム戦略,"=HYPERLINK(""https://www.itpassportsiken.com/kakomon/02_aki/q7.html"",""令和2年秋期 問7"")",2025/2/26
413,×,マネジメント系,プロジェクトマネジメント,プロジェクトマネジメント,"=HYPERLINK(""https://www.itpassportsiken.com/kakomon/06_haru/q41.html"",""令和6年春期 問41"")",2025/2/26
414,×,テクノロジ系,技術要素,セキュリティ,"=HYPERLINK(""https://www.itpassportsiken.com/kakomon/03_haru/q94.html"",""令和3年春期 問94"")",2025/2/26
415,○,テクノロジ系,技術要素,ネットワーク,"=HYPERLINK(""https://www.itpassportsiken.com/kakomon/05_haru/q68.html"",""令和5年春期 問68"")",2025/2/26
416,○,テクノロジ系,基礎理論,基礎理論,"=HYPERLINK(""https://www.itpassportsiken.com/kakomon/03_haru/q89.html"",""令和3年春期 問89"")",2025/2/26
417,×,テクノロジ系,技術要素,セキュリティ,"=HYPERLINK(""https://www.itpassportsiken.com/kakomon/06_haru/q82.html"",""令和6年春期 問82"")",2025/2/26
418,○,ストラテジ系,企業と法務,法務,"=HYPERLINK(""https://www.itpassportsiken.com/kakomon/06_haru/q11.html"",""令和6年春期 問11"")",2025/2/26
419,○,マネジメント系,プロジェクトマネジメント,プロジェクトマネジメント,"=HYPERLINK(""https://www.itpassportsiken.com/kakomon/03_haru/q39.html"",""令和3年春期 問39"")",2025/2/26
420,○,テクノロジ系,技術要素,セキュリティ,"=HYPERLINK(""https://www.itpassportsiken.com/kakomon/02_aki/q89.html"",""令和2年秋期 問89"")",2025/2/26
421,○,マネジメント系,サービスマネジメント,サービスマネジメント,"=HYPERLINK(""https://www.itpassportsiken.com/kakomon/03_haru/q37.html"",""令和3年春期 問37"")",2025/2/26
422,○,マネジメント系,プロジェクトマネジメント,プロジェクトマネジメント,"=HYPERLINK(""https://www.itpassportsiken.com/kakomon/02_aki/q42.html"",""令和2年秋期 問42"")",2025/2/26
423,○,ストラテジ系,経営戦略,経営戦略マネジメント,"=HYPERLINK(""https://www.itpassportsiken.com/kakomon/05_haru/q26.html"",""令和5年春期 問26"")",2025/2/26
424,○,テクノロジ系,コンピュータシステム,コンピュータ構成要素,"=HYPERLINK(""https://www.itpassportsiken.com/kakomon/03_haru/q64.html"",""令和3年春期 問64"")",2025/2/26
425,×,テクノロジ系,コンピュータシステム,コンピュータ構成要素,"=HYPERLINK(""https://www.itpassportsiken.com/kakomon/04_haru/q80.html"",""令和4年春期 問80"")",2025/2/26
426,×,テクノロジ系,基礎理論,基礎理論,"=HYPERLINK(""https://www.itpassportsiken.com/kakomon/04_haru/q59.html"",""令和4年春期 問59"")",2025/2/26
427,○,テクノロジ系,コンピュータシステム,システム構成要素,"=HYPERLINK(""https://www.itpassportsiken.com/kakomon/06_haru/q67.html"",""令和6年春期 問67"")",2025/2/26
428,○,テクノロジ系,技術要素,セキュリティ,"=HYPERLINK(""https://www.itpassportsiken.com/kakomon/04_haru/q85.html"",""令和4年春期 問85"")",2025/2/26
429,×,ストラテジ系,企業と法務,企業活動,"=HYPERLINK(""https://www.itpassportsiken.com/kakomon/06_haru/q14.html"",""令和6年春期 問14"")",2025/2/26
430,○,マネジメント系,企業と法務,システム監査,"=HYPERLINK(""https://www.itpassportsiken.com/kakomon/05_haru/q37.html"",""令和5年春期 問37"")",2025/2/26
431,○,テクノロジ系,技術要素,情報メディア,"=HYPERLINK(""https://www.itpassportsiken.com/kakomon/03_haru/q87.html"",""令和3年春期 問87"")",2025/2/26
432,○,テクノロジ系,技術要素,ネットワーク,"=HYPERLINK(""https://www.itpassportsiken.com/kakomon/02_aki/q92.html"",""令和2年秋期 問92"")",2025/2/26
433,○,テクノロジ系,技術要素,ネットワーク,"=HYPERLINK(""https://www.itpassportsiken.com/kakomon/05_haru/q87.html"",""令和5年春期 問87"")",2025/2/26
434,○,テクノロジ系,基礎理論,基礎理論,"=HYPERLINK(""https://www.itpassportsiken.com/kakomon/06_haru/q95.html"",""令和6年春期 問95"")",2025/2/26
435,○,テクノロジ系,技術要素,データベース,"=HYPERLINK(""https://www.itpassportsiken.com/kakomon/03_haru/q95.html"",""令和3年春期 問95"")",2025/2/26
436,×,テクノロジ系,技術要素,ネットワーク,"=HYPERLINK(""https://www.itpassportsiken.com/kakomon/02_aki/q95.html"",""令和2年秋期 問95"")",2025/2/26
437,○,ストラテジ系,経営戦略,経営戦略マネジメント,"=HYPERLINK(""https://www.itpassportsiken.com/kakomon/02_aki/q17.html"",""令和2年秋期 問17"")",2025/2/26
438,×,ストラテジ系,経営戦略,経営戦略マネジメント,"=HYPERLINK(""https://www.itpassportsiken.com/kakomon/04_haru/q26.html"",""令和4年春期 問26"")",2025/2/26
439,×,マネジメント系,サービスマネジメント,サービスマネジメント,"=HYPERLINK(""https://www.itpassportsiken.com/kakomon/04_haru/q39.html"",""令和4年春期 問39"")",2025/2/26
440,×,ストラテジ系,企業と法務,法務,"=HYPERLINK(""https://www.itpassportsiken.com/kakomon/04_haru/q5.html"",""令和4年春期 問5"")",2025/2/26
441,○,マネジメント系,企業と法務,システム監査,"=HYPERLINK(""https://www.itpassportsiken.com/kakomon/05_haru/q52.html"",""令和5年春期 問52"")",2025/2/26
442,×,ストラテジ系,企業と法務,法務,"=HYPERLINK(""https://www.itpassportsiken.com/kakomon/02_aki/q13.html"",""令和2年秋期 問13"")",2025/2/26
443,○,ストラテジ系,システム戦略,システム戦略,"=HYPERLINK(""https://www.itpassportsiken.com/kakomon/06_haru/q22.html"",""令和6年春期 問22"")",2025/2/26
444,×,テクノロジ系,技術要素,セキュリティ,"=HYPERLINK(""https://www.itpassportsiken.com/kakomon/03_haru/q76.html"",""令和3年春期 問76"")",2025/2/26
445,×,テクノロジ系,技術要素,セキュリティ,"=HYPERLINK(""https://www.itpassportsiken.com/kakomon/06_haru/q63.html"",""令和6年春期 問63"")",2025/2/26
446,×,ストラテジ系,企業と法務,企業活動,"=HYPERLINK(""https://www.itpassportsiken.com/kakomon/06_haru/q6.html"",""令和6年春期 問6"")",2025/2/26
447,○,ストラテジ系,経営戦略,ビジネスインダストリ,"=HYPERLINK(""https://www.itpassportsiken.com/kakomon/06_haru/q25.html"",""令和6年春期 問25"")",2025/2/26
448,○,ストラテジ系,経営戦略,技術戦略マネジメント,"=HYPERLINK(""https://www.itpassportsiken.com/kakomon/03_haru/q31.html"",""令和3年春期 問31"")",2025/2/26
449,○,テクノロジ系,技術要素,セキュリティ,"=HYPERLINK(""https://www.itpassportsiken.com/kakomon/03_haru/q69.html"",""令和3年春期 問69"")",2025/2/26
450,○,ストラテジ系,経営戦略,ビジネスインダストリ,"=HYPERLINK(""https://www.itpassportsiken.com/kakomon/05_haru/q33.html"",""令和5年春期 問33"")",2025/2/26
451,○,テクノロジ系,技術要素,データベース,"=HYPERLINK(""https://www.itpassportsiken.com/kakomon/04_haru/q83.html"",""令和4年春期 問83"")",2025/2/26
452,×,ストラテジ系,企業と法務,法務,"=HYPERLINK(""https://www.itpassportsiken.com/kakomon/06_haru/q35.html"",""令和6年春期 問35"")",2025/2/26
453,○,ストラテジ系,企業と法務,法務,"=HYPERLINK(""https://www.itpassportsiken.com/kakomon/03_haru/q7.html"",""令和3年春期 問7"")",2025/2/26
454,×,テクノロジ系,技術要素,セキュリティ,"=HYPERLINK(""https://www.itpassportsiken.com/kakomon/03_haru/q79.html"",""令和3年春期 問79"")",2025/2/26
455,○,マネジメント系,サービスマネジメント,サービスマネジメント,"=HYPERLINK(""https://www.itpassportsiken.com/kakomon/04_haru/q41.html"",""令和4年春期 問41"")",2025/2/26
456,×,マネジメント系,企業と法務,システム監査,"=HYPERLINK(""https://www.itpassportsiken.com/kakomon/06_haru/q53.html"",""令和6年春期 問53"")",2025/2/26
457,○,テクノロジ系,技術要素,セキュリティ,"=HYPERLINK(""https://www.itpassportsiken.com/kakomon/04_haru/q75.html"",""令和4年春期 問75"")",2025/2/26
458,○,ストラテジ系,経営戦略,ビジネスインダストリ,"=HYPERLINK(""https://www.itpassportsiken.com/kakomon/04_haru/q18.html"",""令和4年春期 問18"")",2025/2/26
459,○,ストラテジ系,経営戦略,ビジネスインダストリ,"=HYPERLINK(""https://www.itpassportsiken.com/kakomon/02_aki/q10.html"",""令和2年秋期 問10"")",2025/2/26
460,○,マネジメント系,サービスマネジメント,サービスマネジメント,"=HYPERLINK(""https://www.itpassportsiken.com/kakomon/02_aki/q47.html"",""令和2年秋期 問47"")",2025/2/26
461,○,テクノロジ系,コンピュータシステム,コンピュータ構成要素,"=HYPERLINK(""https://www.itpassportsiken.com/kakomon/02_aki/q91.html"",""令和2年秋期 問91"")",2025/2/26
462,×,マネジメント系,プロジェクトマネジメント,プロジェクトマネジメント,"=HYPERLINK(""https://www.itpassportsiken.com/kakomon/03_haru/q54.html"",""令和3年春期 問54"")",2025/2/26
463,○,ストラテジ系,経営戦略,ビジネスインダストリ,"=HYPERLINK(""https://www.itpassportsiken.com/kakomon/04_haru/q29.html"",""令和4年春期 問29"")",2025/2/26
464,○,マネジメント系,サービスマネジメント,サービスマネジメント,"=HYPERLINK(""https://www.itpassportsiken.com/kakomon/04_haru/q51.html"",""令和4年春期 問51"")",2025/2/26
465,×,ストラテジ系,システム戦略,システム戦略,"=HYPERLINK(""https://www.itpassportsiken.com/kakomon/06_haru/q16.html"",""令和6年春期 問16"")",2025/2/26
466,×,テクノロジ系,技術要素,セキュリティ,"=HYPERLINK(""https://www.itpassportsiken.com/kakomon/06_haru/q86.html"",""令和6年春期 問86"")",2025/2/26
467,○,テクノロジ系,基礎理論,基礎理論,"=HYPERLINK(""https://www.itpassportsiken.com/kakomon/06_haru/q78.html"",""令和6年春期 問78"")",2025/2/26
468,○,ストラテジ系,システム戦略,システム企画,"=HYPERLINK(""https://www.itpassportsiken.com/kakomon/03_haru/q14.html"",""令和3年春期 問14"")",2025/2/26
469,○,マネジメント系,プロジェクトマネジメント,プロジェクトマネジメント,"=HYPERLINK(""https://www.itpassportsiken.com/kakomon/03_haru/q42.html"",""令和3年春期 問42"")",2025/2/26
470,○,テクノロジ系,技術要素,セキュリティ,"=HYPERLINK(""https://www.itpassportsiken.com/kakomon/06_haru/q91.html"",""令和6年春期 問91"")",2025/2/26
471,○,テクノロジ系,技術要素,セキュリティ,"=HYPERLINK(""https://www.itpassportsiken.com/kakomon/05_haru/q80.html"",""令和5年春期 問80"")",2025/2/26
472,○,マネジメント系,プロジェクトマネジメント,プロジェクトマネジメント,"=HYPERLINK(""https://www.itpassportsiken.com/kakomon/04_haru/q43.html"",""令和4年春期 問43"")",2025/2/26
473,○,テクノロジ系,コンピュータシステム,システム構成要素,"=HYPERLINK(""https://www.itpassportsiken.com/kakomon/03_haru/q100.html"",""令和3年春期 問100"")",2025/2/26
474,○,テクノロジ系,技術要素,セキュリティ,"=HYPERLINK(""https://www.itpassportsiken.com/kakomon/04_haru/q69.html"",""令和4年春期 問69"")",2025/2/26
475,×,ストラテジ系,システム戦略,システム戦略,"=HYPERLINK(""https://www.itpassportsiken.com/kakomon/06_haru/q23.html"",""令和6年春期 問23"")",2025/2/26
476,○,テクノロジ系,技術要素,セキュリティ,"=HYPERLINK(""https://www.itpassportsiken.com/kakomon/03_haru/q88.html"",""令和3年春期 問88"")",2025/2/26
477,○,テクノロジ系,コンピュータシステム,ハードウェア,"=HYPERLINK(""https://www.itpassportsiken.com/kakomon/02_aki/q74.html"",""令和2年秋期 問74"")",2025/2/26
478,○,テクノロジ系,技術要素,ネットワーク,"=HYPERLINK(""https://www.itpassportsiken.com/kakomon/06_haru/q79.html"",""令和6年春期 問79"")",2025/2/26
479,○,ストラテジ系,経営戦略,経営戦略マネジメント,"=HYPERLINK(""https://www.itpassportsiken.com/kakomon/06_haru/q29.html"",""令和6年春期 問29"")",2025/2/26
480,×,マネジメント系,プロジェクトマネジメント,プロジェクトマネジメント,"=HYPERLINK(""https://www.itpassportsiken.com/kakomon/06_haru/q52.html"",""令和6年春期 問52"")",2025/2/26
481,×,テクノロジ系,基礎理論,基礎理論,"=HYPERLINK(""https://www.itpassportsiken.com/kakomon/02_aki/q62.html"",""令和2年秋期 問62"")",2025/2/26
482,○,マネジメント系,開発技術,システム開発技術,"=HYPERLINK(""https://www.itpassportsiken.com/kakomon/04_haru/q45.html"",""令和4年春期 問45"")",2025/2/26
483,×,マネジメント系,サービスマネジメント,サービスマネジメント,"=HYPERLINK(""https://www.itpassportsiken.com/kakomon/06_haru/q43.html"",""令和6年春期 問43"")",2025/2/26
484,○,マネジメント系,サービスマネジメント,サービスマネジメント,"=HYPERLINK(""https://www.itpassportsiken.com/kakomon/06_haru/q39.html"",""令和6年春期 問39"")",2025/2/26
485,○,テクノロジ系,技術要素,情報メディア,"=HYPERLINK(""https://www.itpassportsiken.com/kakomon/02_aki/q83.html"",""令和2年秋期 問83"")",2025/2/26
486,○,ストラテジ系,企業と法務,法務,"=HYPERLINK(""https://www.itpassportsiken.com/kakomon/06_haru/q32.html"",""令和6年春期 問32"")",2025/2/26
487,×,テクノロジ系,技術要素,セキュリティ,"=HYPERLINK(""https://www.itpassportsiken.com/kakomon/06_haru/q75.html"",""令和6年春期 問75"")",2025/2/26
488,×,ストラテジ系,経営戦略,ビジネスインダストリ,"=HYPERLINK(""https://www.itpassportsiken.com/kakomon/03_haru/q13.html"",""令和3年春期 問13"")",2025/2/26
489,×,ストラテジ系,企業と法務,法務,"=HYPERLINK(""https://www.itpassportsiken.com/kakomon/03_haru/q17.html"",""令和3年春期 問17"")",2025/2/26
490,○,ストラテジ系,経営戦略,経営戦略マネジメント,"=HYPERLINK(""https://www.itpassportsiken.com/kakomon/02_aki/q15.html"",""令和2年秋期 問15"")",2025/2/26
491,○,テクノロジ系,コンピュータシステム,システム構成要素,"=HYPERLINK(""https://www.itpassportsiken.com/kakomon/05_haru/q93.html"",""令和5年春期 問93"")",2025/2/26
492,○,テクノロジ系,技術要素,セキュリティ,"=HYPERLINK(""https://www.itpassportsiken.com/kakomon/03_haru/q58.html"",""令和3年春期 問58"")",2025/2/26
493,○,ストラテジ系,システム戦略,システム戦略,"=HYPERLINK(""https://www.itpassportsiken.com/kakomon/05_haru/q19.html"",""令和5年春期 問19"")",2025/2/26
494,×,ストラテジ系,企業と法務,法務,"=HYPERLINK(""https://www.itpassportsiken.com/kakomon/04_haru/q23.html"",""令和4年春期 問23"")",2025/2/26
495,○,ストラテジ系,システム戦略,システム戦略,"=HYPERLINK(""https://www.itpassportsiken.com/kakomon/05_haru/q23.html"",""令和5年春期 問23"")",2025/2/26
496,×,マネジメント系,プロジェクトマネジメント,プロジェクトマネジメント,"=HYPERLINK(""https://www.itpassportsiken.com/kakomon/02_aki/q53.html"",""令和2年秋期 問53"")",2025/2/26
497,×,ストラテジ系,経営戦略,ビジネスインダストリ,"=HYPERLINK(""https://www.itpassportsiken.com/kakomon/05_haru/q16.html"",""令和5年春期 問16"")",2025/2/26
498,○,ストラテジ系,企業と法務,法務,"=HYPERLINK(""https://www.itpassportsiken.com/kakomon/04_haru/q9.html"",""令和4年春期 問9"")",2025/2/26
499,○,マネジメント系,企業と法務,システム監査,"=HYPERLINK(""https://www.itpassportsiken.com/kakomon/03_haru/q38.html"",""令和3年春期 問38"")",2025/2/26
500,○,テクノロジ系,コンピュータシステム,ソフトウェア,"=HYPERLINK(""https://www.itpassportsiken.com/kakomon/06_haru/q58.html"",""令和6年春期 問58"")",2025/2/26
